order_id,customer_id,order_date,status,region_code
1,35,2025-02-26 02:45:30,PLACED,NORTH
2,352,2024-09-07 05:47:20,RETURNED,NORTH
3,427,2024-05-28 10:29:09,CANCELLED,WEST
4,,2023-07-30 21:16:19,CANCELLED,CENTRAL
5,459,2024-10-05 01:17:19,PLACED,CENTRAL
6,154,2024-05-05 02:47:54,PLACED,SOUTH
7,296,03-07-2024 06:59:50,SHIPPED,EAST
8,,2024-08-05 21:59:24,SHIPPED,CENTRAL
9,311,2023-07-01 12:17:01,DELIVERED,EAST
10,,04-10-2024 22:10:33,SHIPPED,EAST
11,232,2024-04-15 02:48:57,DELIVERED,SOUTH
12,58,2023-02-28 02:11:16,PLACED,WEST
13,,2025-01-19 18:59:16,SHIPPED,SOUTH
14,175,2025-03-24 10:15:55,DELIVERED,SOUTH
15,394,2025-03-12 19:20:26,SHIPPED,SOUTH
16,,2024-08-25 02:20:09,RETURNED,NORTH
17,3,2023-03-10 09:33:21,RETURNED,NORTH
18,171,2023-03-13 16:12:55,DELIVERED,NORTH
19,296,2023-11-22 23:36:51,SHIPPED,EAST
20,142,2024-11-16 05:58:56,DELIVERED,SOUTH
21,81,2023-01-24 16:48:41,RETURNED,CENTRAL
22,53,2024-06-28 04:48:24,DELIVERED,SOUTH
23,483,2024-03-16 00:59:06,SHIPPED,NORTH
24,160,2024-06-10 05:06:04,PLACED,SOUTH
25,15,2023-03-20 09:08:11,PLACED,NORTH
26,219,2024-11-23 13:58:50,DELIVERED,EAST
27,419,08-04-2025 17:45:35,CANCELLED,CENTRAL
28,68,28-12-2024 10:35:28,DELIVERED,WEST
29,241,2023-12-14 15:39:43,RETURNED,EAST
30,468,2023-10-12 19:53:52,DELIVERED,EAST
31,233,2023-04-12 12:59:28,DELIVERED,WEST
32,237,2024-03-14 11:19:02,RETURNED,CENTRAL
33,66,2024-09-22 05:04:10,PLACED,EAST
34,285,2024-04-14 07:46:48,CANCELLED,CENTRAL
35,212,2024-01-14 13:27:40,CANCELLED,WEST
36,34,2024-10-31 18:22:51,CANCELLED,CENTRAL
37,404,2024-01-02 20:28:16,PLACED,CENTRAL
38,429,2024-12-20 02:28:38,PLACED,WEST
39,91,22-09-2024 09:05:08,PLACED,CENTRAL
40,395,2024-05-23 14:39:50,PLACED,NORTH
41,112,2025-06-21 04:35:46,PLACED,SOUTH
42,339,2025-04-05 06:39:09,RETURNED,CENTRAL
43,229,2024-05-06 19:37:06,DELIVERED,WEST
44,368,2024-06-18 19:06:55,RETURNED,NORTH
45,314,2024-09-19 21:34:18,DELIVERED,NORTH
46,190,24-03-2023 12:43:47,RETURNED,EAST
47,57,2023-02-18 10:39:05,RETURNED,WEST
48,321,2024-08-17 15:25:52,CANCELLED,CENTRAL
49,109,2025-01-07 16:29:22,RETURNED,WEST
50,432,2024-10-10 03:40:00,SHIPPED,SOUTH
51,6,2023-01-25 09:37:45,CANCELLED,WEST
52,500,2023-05-12 12:28:55,CANCELLED,WEST
53,458,2024-10-23 07:24:06,CANCELLED,CENTRAL
54,218,2024-11-30 02:55:20,SHIPPED,SOUTH
55,218,2025-06-16 19:06:32,SHIPPED,CENTRAL
56,138,2025-04-28 10:33:14,PLACED,NORTH
57,291,2024-07-26 13:36:22,CANCELLED,NORTH
58,73,2025-03-28 17:54:52,DELIVERED,WEST
59,265,2023-05-18 09:31:08,PLACED,CENTRAL
60,409,2023-03-23 23:34:02,RETURNED,NORTH
61,241,2024-12-29 22:15:05,DELIVERED,WEST
62,181,2024-04-02 16:09:11,PLACED,CENTRAL
63,384,2025-05-25 16:29:35,CANCELLED,CENTRAL
64,87,2024-03-29 05:20:52,RETURNED,NORTH
65,147,2023-07-17 00:14:31,DELIVERED,EAST
66,68,2024-03-03 12:50:15,PLACED,NORTH
67,310,2023-08-23 18:44:38,DELIVERED,SOUTH
68,134,2024-01-02 22:01:14,RETURNED,NORTH
69,176,2023-08-14 08:36:39,SHIPPED,WEST
70,386,2024-08-18 05:30:03,CANCELLED,SOUTH
71,108,20-06-2024 01:21:19,DELIVERED,NORTH
72,27,2024-09-11 10:17:01,CANCELLED,CENTRAL
73,120,2024-08-28 22:52:54,SHIPPED,CENTRAL
74,446,2024-03-24 14:57:15,CANCELLED,WEST
75,348,2025-04-03 17:16:49,PLACED,NORTH
76,470,2024-07-03 15:40:02,CANCELLED,CENTRAL
77,471,2024-02-28 10:54:50,DELIVERED,NORTH
78,131,2024-08-30 15:16:09,SHIPPED,CENTRAL
79,395,2024-06-08 03:25:47,SHIPPED,EAST
80,,2023-01-14 04:00:51,PLACED,WEST
81,51,2024-11-23 17:55:49,DELIVERED,EAST
82,,23-05-2023 19:49:10,RETURNED,SOUTH
83,487,2023-07-09 04:39:54,PLACED,NORTH
84,439,2024-08-07 00:44:47,RETURNED,SOUTH
85,459,2023-10-14 05:49:20,CANCELLED,NORTH
86,328,2024-03-05 08:19:33,DELIVERED,EAST
87,83,2024-03-06 18:01:35,CANCELLED,WEST
88,171,2024-02-06 03:49:58,DELIVERED,SOUTH
89,226,2023-11-08 17:29:12,SHIPPED,WEST
90,56,2024-10-31 22:17:55,PLACED,WEST
91,367,24-02-2023 03:42:30,RETURNED,EAST
92,398,2025-02-12 03:39:08,PLACED,NORTH
93,341,2023-08-24 12:20:10,CANCELLED,CENTRAL
94,2,2025-02-01 05:51:21,CANCELLED,NORTH
95,277,2024-08-20 04:21:38,CANCELLED,NORTH
96,291,2024-07-11 13:26:42,DELIVERED,WEST
97,29,2023-05-21 20:18:35,DELIVERED,NORTH
98,431,2024-03-26 10:26:33,SHIPPED,CENTRAL
99,21,2023-10-24 17:06:50,CANCELLED,NORTH
100,323,25-01-2025 18:10:00,CANCELLED,SOUTH
101,,2023-02-09 09:39:39,RETURNED,SOUTH
102,251,2025-04-19 17:14:27,CANCELLED,CENTRAL
103,495,2024-11-28 23:23:21,PLACED,NORTH
104,174,2023-03-08 12:14:29,SHIPPED,CENTRAL
105,235,2025-04-13 12:27:31,RETURNED,SOUTH
106,474,2023-08-08 22:52:31,PLACED,WEST
107,465,2023-03-13 03:36:39,SHIPPED,NORTH
108,89,2024-04-22 10:21:58,PLACED,WEST
109,313,2023-04-10 08:30:45,PLACED,NORTH
110,255,09-12-2023 15:32:23,SHIPPED,WEST
111,173,2024-09-16 11:58:02,RETURNED,CENTRAL
112,71,2023-11-28 05:51:32,RETURNED,SOUTH
113,172,2024-03-01 11:29:04,CANCELLED,SOUTH
114,357,2023-09-14 07:52:27,RETURNED,NORTH
115,69,2024-08-07 07:10:55,PLACED,WEST
116,,2023-10-06 16:59:45,RETURNED,EAST
117,214,2025-01-09 11:01:52,SHIPPED,SOUTH
118,328,2024-11-30 16:50:32,SHIPPED,CENTRAL
119,,2023-10-07 14:54:13,RETURNED,NORTH
120,322,2024-04-12 21:32:28,PLACED,CENTRAL
121,121,2025-04-03 15:15:07,RETURNED,EAST
122,442,2025-04-18 10:19:31,CANCELLED,SOUTH
123,142,2023-06-25 00:58:55,CANCELLED,WEST
124,91,08-03-2023 23:27:58,DELIVERED,EAST
125,108,2024-06-03 07:24:25,CANCELLED,NORTH
126,54,2025-04-14 18:15:24,PLACED,WEST
127,264,2024-01-01 12:36:48,RETURNED,CENTRAL
128,167,2024-05-20 22:24:55,PLACED,EAST
129,117,2024-10-02 22:40:24,CANCELLED,SOUTH
130,38,22-01-2025 12:01:43,CANCELLED,SOUTH
131,111,2024-12-07 19:17:21,DELIVERED,SOUTH
132,235,2024-07-11 01:12:39,SHIPPED,EAST
133,,02-06-2025 09:23:56,SHIPPED,NORTH
134,437,2024-10-11 16:30:52,DELIVERED,SOUTH
135,454,2023-09-01 13:29:05,RETURNED,SOUTH
136,296,23-12-2023 19:55:20,RETURNED,WEST
137,442,2025-01-05 12:56:56,DELIVERED,NORTH
138,374,2024-01-19 03:56:03,CANCELLED,CENTRAL
139,114,2023-08-20 09:59:34,PLACED,WEST
140,,2025-01-01 03:12:06,RETURNED,NORTH
141,218,2025-01-14 12:27:21,PLACED,WEST
142,254,2025-05-17 13:54:11,CANCELLED,SOUTH
143,68,2024-01-07 08:53:31,PLACED,NORTH
144,246,2023-09-09 08:26:48,RETURNED,CENTRAL
145,13,2024-12-21 10:14:59,CANCELLED,SOUTH
146,405,2024-12-22 06:12:05,PLACED,NORTH
147,198,2024-06-01 03:38:25,DELIVERED,WEST
148,386,2025-04-22 15:26:47,SHIPPED,NORTH
149,318,2023-03-27 03:31:38,DELIVERED,NORTH
150,57,2024-12-23 21:36:45,DELIVERED,EAST
151,90,2023-04-15 02:09:41,SHIPPED,SOUTH
152,172,2023-06-26 09:44:13,RETURNED,SOUTH
153,386,2023-12-17 04:54:32,DELIVERED,CENTRAL
154,349,26-03-2023 14:24:57,DELIVERED,WEST
155,249,2023-07-10 14:56:21,RETURNED,CENTRAL
156,461,2024-07-25 21:28:19,PLACED,SOUTH
157,457,16-05-2023 15:06:22,SHIPPED,EAST
158,491,2023-06-19 21:25:11,PLACED,SOUTH
159,255,2023-11-14 07:13:17,PLACED,EAST
160,214,2025-04-21 02:09:29,CANCELLED,EAST
161,216,2023-02-03 08:55:05,PLACED,NORTH
162,447,2025-03-18 04:51:20,CANCELLED,CENTRAL
163,176,2024-05-21 21:35:05,RETURNED,CENTRAL
164,228,2025-05-31 04:40:29,DELIVERED,SOUTH
165,405,2025-01-22 05:53:30,DELIVERED,NORTH
166,76,2024-12-09 06:10:23,RETURNED,SOUTH
167,365,2023-10-11 03:54:35,SHIPPED,SOUTH
168,122,2024-05-06 20:40:00,CANCELLED,EAST
169,190,2025-05-23 19:02:39,DELIVERED,EAST
170,76,2025-04-18 15:41:07,RETURNED,EAST
171,63,2024-09-20 11:10:36,SHIPPED,WEST
172,476,2023-01-07 16:06:11,RETURNED,CENTRAL
173,170,2024-04-04 03:09:31,DELIVERED,CENTRAL
174,342,2025-05-28 01:21:29,CANCELLED,EAST
175,353,2025-01-14 01:42:52,SHIPPED,CENTRAL
176,60,2024-09-15 21:50:55,SHIPPED,WEST
177,183,2023-03-27 11:48:09,SHIPPED,CENTRAL
178,270,2024-03-07 17:52:33,PLACED,CENTRAL
179,435,2023-05-16 17:38:53,CANCELLED,SOUTH
180,252,2025-03-05 16:11:02,DELIVERED,WEST
181,76,2024-10-26 07:35:33,DELIVERED,NORTH
182,146,2024-04-23 14:15:14,RETURNED,NORTH
183,111,2024-11-21 01:44:07,CANCELLED,WEST
184,148,2024-10-20 09:36:34,CANCELLED,SOUTH
185,428,2023-05-14 17:13:10,DELIVERED,WEST
186,445,05-06-2024 01:14:33,RETURNED,WEST
187,,2024-02-29 14:26:18,RETURNED,WEST
188,364,2023-08-01 17:00:36,CANCELLED,EAST
189,284,2024-04-14 03:06:40,DELIVERED,WEST
190,287,15-12-2023 18:43:14,PLACED,SOUTH
191,135,2025-01-04 01:36:42,DELIVERED,WEST
192,92,16-01-2024 04:57:04,DELIVERED,WEST
193,497,2024-07-15 23:22:19,RETURNED,WEST
194,445,2025-01-09 12:05:02,PLACED,EAST
195,263,2023-01-28 06:07:40,SHIPPED,CENTRAL
196,30,2024-12-17 04:57:53,SHIPPED,EAST
197,84,2024-07-15 01:08:57,DELIVERED,NORTH
198,149,2023-04-30 08:18:22,SHIPPED,NORTH
199,307,2025-04-24 15:03:54,DELIVERED,EAST
200,139,17-07-2024 03:49:30,RETURNED,EAST
201,422,2023-08-01 17:50:43,DELIVERED,WEST
202,211,2023-09-11 06:10:01,SHIPPED,CENTRAL
203,114,2025-05-17 20:10:33,RETURNED,CENTRAL
204,365,2023-06-27 00:59:16,PLACED,NORTH
205,420,2023-01-27 23:57:03,DELIVERED,EAST
206,72,2025-03-23 15:22:06,DELIVERED,SOUTH
207,364,2023-07-04 05:36:45,SHIPPED,SOUTH
208,158,2023-07-22 06:53:17,CANCELLED,NORTH
209,,2025-01-22 06:19:51,PLACED,SOUTH
210,,2025-03-08 15:53:30,CANCELLED,NORTH
211,466,2023-04-13 21:52:50,PLACED,NORTH
212,401,2023-11-16 01:54:40,SHIPPED,SOUTH
213,344,2023-05-22 00:29:53,DELIVERED,CENTRAL
214,179,2025-02-16 17:00:13,RETURNED,SOUTH
215,259,2023-06-03 22:55:39,PLACED,CENTRAL
216,112,2024-03-13 20:22:58,RETURNED,NORTH
217,499,2023-11-29 11:04:18,CANCELLED,EAST
218,358,2024-11-13 23:55:48,PLACED,SOUTH
219,428,2024-08-12 17:04:30,RETURNED,SOUTH
220,209,2024-05-03 05:13:04,PLACED,CENTRAL
221,70,2024-07-15 04:23:35,RETURNED,NORTH
222,43,2023-06-29 18:27:05,CANCELLED,CENTRAL
223,377,2024-11-20 15:52:28,CANCELLED,EAST
224,438,2023-04-19 03:13:02,CANCELLED,EAST
225,,2025-02-02 17:58:47,CANCELLED,WEST
226,268,2023-05-13 01:15:00,CANCELLED,WEST
227,356,2023-06-08 00:28:36,SHIPPED,NORTH
228,187,2024-06-10 01:06:10,CANCELLED,NORTH
229,120,2025-02-14 08:10:25,RETURNED,CENTRAL
230,140,2024-09-13 17:51:43,RETURNED,WEST
231,249,2023-08-17 22:30:16,PLACED,NORTH
232,129,2023-12-25 13:39:36,SHIPPED,NORTH
233,51,2023-04-16 23:44:57,PLACED,SOUTH
234,196,2024-05-22 21:47:56,RETURNED,CENTRAL
235,50,2025-03-18 17:06:01,CANCELLED,SOUTH
236,151,2025-01-31 13:51:29,RETURNED,EAST
237,415,29-04-2025 03:28:19,PLACED,WEST
238,451,2024-08-18 22:45:30,CANCELLED,WEST
239,,2023-10-02 18:09:38,DELIVERED,SOUTH
240,252,2024-04-30 09:20:27,CANCELLED,NORTH
241,292,2025-05-10 06:33:36,RETURNED,WEST
242,244,2023-08-31 19:41:41,CANCELLED,EAST
243,254,2024-08-09 21:19:09,DELIVERED,EAST
244,165,2023-03-12 02:08:16,DELIVERED,EAST
245,415,2023-02-11 18:53:55,DELIVERED,WEST
246,50,2024-07-09 03:34:23,PLACED,SOUTH
247,127,2024-04-29 19:54:49,PLACED,EAST
248,59,2023-01-31 14:54:58,PLACED,WEST
249,337,2025-06-01 10:25:00,CANCELLED,EAST
250,11,2023-02-04 13:02:05,CANCELLED,CENTRAL
251,200,2023-06-01 19:28:37,PLACED,SOUTH
252,173,2024-06-11 10:56:50,DELIVERED,EAST
253,497,2025-02-10 23:42:09,PLACED,CENTRAL
254,110,2023-03-15 20:05:51,RETURNED,WEST
255,412,2023-05-23 20:26:11,RETURNED,NORTH
256,304,2023-04-15 11:59:56,RETURNED,WEST
257,219,2023-04-30 02:09:04,DELIVERED,CENTRAL
258,412,2025-04-18 18:42:17,CANCELLED,WEST
259,129,2024-12-05 01:35:13,RETURNED,SOUTH
260,,2025-03-12 22:13:47,RETURNED,WEST
261,110,2024-12-26 22:01:55,RETURNED,CENTRAL
262,437,2024-11-04 18:25:14,PLACED,CENTRAL
263,103,2023-08-18 12:17:02,DELIVERED,WEST
264,211,2023-04-11 02:01:56,CANCELLED,EAST
265,422,2023-09-07 11:01:01,RETURNED,SOUTH
266,208,2023-08-21 22:59:52,SHIPPED,EAST
267,238,2024-11-08 12:12:48,PLACED,SOUTH
268,82,2023-02-15 06:29:15,DELIVERED,CENTRAL
269,91,2023-03-07 14:32:12,CANCELLED,NORTH
270,29,2023-05-11 09:07:12,DELIVERED,NORTH
271,462,2024-07-18 13:48:38,PLACED,WEST
272,483,2023-08-07 08:27:44,RETURNED,CENTRAL
273,478,2025-06-20 15:36:58,RETURNED,EAST
274,255,2024-01-05 20:08:54,DELIVERED,EAST
275,427,2024-08-28 18:24:52,SHIPPED,WEST
276,112,2023-09-30 02:13:26,DELIVERED,WEST
277,210,2023-03-28 21:03:00,DELIVERED,NORTH
278,163,2025-01-07 15:50:41,DELIVERED,SOUTH
279,186,2024-07-25 06:18:51,PLACED,CENTRAL
280,18,2023-03-26 22:19:57,SHIPPED,EAST
281,283,2024-07-17 16:13:06,PLACED,CENTRAL
282,444,2024-11-18 05:58:18,CANCELLED,EAST
283,155,2024-01-01 18:36:07,SHIPPED,WEST
284,324,2024-09-23 03:32:41,DELIVERED,NORTH
285,422,2025-02-02 19:36:04,CANCELLED,EAST
286,368,2023-06-05 23:01:04,DELIVERED,CENTRAL
287,34,2025-04-30 20:46:11,CANCELLED,NORTH
288,391,2023-10-13 10:18:34,SHIPPED,NORTH
289,206,2024-04-19 15:38:16,PLACED,NORTH
290,81,2023-07-22 02:13:00,CANCELLED,EAST
291,232,2023-07-27 09:36:22,RETURNED,EAST
292,410,2023-05-12 02:37:15,SHIPPED,WEST
293,449,2025-06-05 01:42:05,PLACED,CENTRAL
294,332,2023-12-22 06:49:26,CANCELLED,SOUTH
295,135,20-09-2023 03:40:41,RETURNED,WEST
296,308,2023-05-19 08:26:40,SHIPPED,CENTRAL
297,,2025-03-27 20:39:01,CANCELLED,WEST
298,61,2023-11-12 13:48:29,DELIVERED,EAST
299,383,2023-07-22 06:10:58,SHIPPED,CENTRAL
300,111,2024-03-15 13:47:00,SHIPPED,WEST
301,93,15-08-2023 17:08:38,DELIVERED,SOUTH
302,317,2024-01-21 17:57:52,CANCELLED,NORTH
303,6,2024-05-17 03:29:00,CANCELLED,SOUTH
304,366,2024-10-19 13:25:49,DELIVERED,NORTH
305,49,2023-03-22 22:53:56,SHIPPED,WEST
306,466,12-03-2023 16:48:20,RETURNED,CENTRAL
307,196,2024-09-05 03:21:49,SHIPPED,CENTRAL
308,22,2024-02-09 08:22:34,CANCELLED,EAST
309,450,2023-05-20 06:19:08,RETURNED,WEST
310,73,01-05-2024 15:32:15,SHIPPED,WEST
311,447,2024-03-12 12:27:48,CANCELLED,EAST
312,463,2024-02-14 17:36:31,CANCELLED,SOUTH
313,162,2025-02-02 04:03:04,SHIPPED,CENTRAL
314,437,14-11-2024 12:00:04,SHIPPED,NORTH
315,118,2024-12-31 12:05:55,CANCELLED,WEST
316,60,07-02-2025 19:36:40,DELIVERED,CENTRAL
317,249,2023-06-24 17:57:50,SHIPPED,NORTH
318,179,2024-03-17 08:37:44,SHIPPED,CENTRAL
319,422,2025-06-28 19:38:10,PLACED,CENTRAL
320,393,2024-10-08 21:13:30,SHIPPED,WEST
321,347,25-05-2024 13:15:00,PLACED,WEST
322,192,2023-06-14 18:34:23,SHIPPED,NORTH
323,42,2025-01-15 10:17:40,DELIVERED,CENTRAL
324,,2023-03-10 02:44:04,CANCELLED,EAST
325,486,2025-06-03 03:45:52,PLACED,EAST
326,166,2023-04-20 20:47:06,RETURNED,WEST
327,48,2023-10-04 12:43:25,CANCELLED,NORTH
328,11,2023-09-11 02:52:08,CANCELLED,EAST
329,332,2023-08-28 10:33:24,CANCELLED,WEST
330,377,2024-04-26 17:24:52,RETURNED,SOUTH
331,184,2024-07-24 19:47:00,CANCELLED,WEST
332,454,2024-02-22 01:38:15,CANCELLED,NORTH
333,388,2024-07-26 00:50:03,CANCELLED,WEST
334,,2024-06-14 21:10:16,SHIPPED,SOUTH
335,477,26-03-2025 01:24:20,CANCELLED,WEST
336,41,2025-01-11 22:38:32,SHIPPED,EAST
337,431,2024-10-26 10:59:51,PLACED,CENTRAL
338,40,2025-03-08 13:28:50,CANCELLED,WEST
339,49,2025-06-02 02:24:13,DELIVERED,EAST
340,300,21-02-2025 01:46:26,CANCELLED,SOUTH
341,403,02-09-2024 10:30:41,CANCELLED,EAST
342,161,2024-12-07 19:33:37,CANCELLED,CENTRAL
343,414,2023-10-18 19:00:49,PLACED,CENTRAL
344,133,2023-06-15 04:17:39,PLACED,NORTH
345,203,2023-09-24 18:45:28,CANCELLED,WEST
346,445,2025-01-26 02:19:47,RETURNED,EAST
347,354,2024-09-05 14:33:51,PLACED,SOUTH
348,,2023-06-23 20:24:01,SHIPPED,NORTH
349,108,2023-08-14 11:44:25,CANCELLED,CENTRAL
350,98,2024-12-20 21:45:25,CANCELLED,NORTH
351,60,2023-08-25 18:42:46,CANCELLED,WEST
352,,2024-11-29 07:10:53,SHIPPED,EAST
353,292,31-08-2024 12:52:46,PLACED,NORTH
354,323,2024-11-01 18:13:17,CANCELLED,CENTRAL
355,306,27-03-2024 16:51:37,CANCELLED,WEST
356,263,2025-01-27 22:17:10,PLACED,CENTRAL
357,10,2024-05-05 15:44:49,DELIVERED,WEST
358,456,2025-02-07 15:03:48,DELIVERED,WEST
359,358,2023-09-08 14:56:47,SHIPPED,WEST
360,177,2025-02-27 14:02:23,DELIVERED,CENTRAL
361,437,2024-12-28 17:43:34,DELIVERED,WEST
362,492,2024-07-13 15:18:03,SHIPPED,CENTRAL
363,107,2023-05-14 21:28:00,SHIPPED,SOUTH
364,103,2025-02-03 14:00:51,CANCELLED,WEST
365,156,15-05-2025 00:08:46,PLACED,EAST
366,452,2023-09-04 09:14:25,RETURNED,NORTH
367,414,2024-10-30 22:41:40,SHIPPED,NORTH
368,288,2024-02-05 12:18:21,DELIVERED,NORTH
369,395,2024-02-20 12:47:45,RETURNED,CENTRAL
370,343,2023-03-20 07:52:11,CANCELLED,WEST
371,493,2023-06-22 07:48:05,RETURNED,CENTRAL
372,401,2023-06-08 05:54:56,PLACED,CENTRAL
373,54,2023-07-03 09:34:17,DELIVERED,SOUTH
374,373,2024-11-16 20:58:50,CANCELLED,NORTH
375,79,2024-06-03 19:04:21,PLACED,SOUTH
376,225,2023-01-11 05:36:09,CANCELLED,EAST
377,147,2023-05-13 09:44:55,CANCELLED,EAST
378,323,2023-08-24 12:28:32,RETURNED,WEST
379,404,2024-10-28 03:40:28,CANCELLED,WEST
380,488,2024-07-15 23:55:33,CANCELLED,SOUTH
381,,2025-03-14 16:09:26,PLACED,EAST
382,162,2023-09-13 06:28:05,CANCELLED,NORTH
383,339,2023-08-23 11:54:07,PLACED,CENTRAL
384,499,2024-09-16 11:45:04,RETURNED,EAST
385,370,18-06-2024 15:06:59,DELIVERED,CENTRAL
386,313,2024-09-19 11:54:10,SHIPPED,CENTRAL
387,320,2024-11-17 20:18:58,CANCELLED,SOUTH
388,452,2023-02-27 10:20:52,CANCELLED,SOUTH
389,267,2024-03-17 01:35:52,RETURNED,CENTRAL
390,160,06-09-2023 14:15:06,RETURNED,CENTRAL
391,133,2024-04-17 03:46:56,RETURNED,NORTH
392,375,2024-08-02 09:39:36,RETURNED,EAST
393,,2023-07-13 19:00:35,RETURNED,NORTH
394,233,2024-01-02 18:20:46,RETURNED,CENTRAL
395,366,2025-04-08 10:26:31,SHIPPED,EAST
396,154,2025-06-08 18:15:15,CANCELLED,CENTRAL
397,378,2024-05-24 07:01:14,SHIPPED,EAST
398,233,2024-10-23 06:57:10,PLACED,NORTH
399,32,2023-07-22 01:06:43,CANCELLED,NORTH
400,190,2024-09-17 15:44:47,RETURNED,WEST
401,447,2025-02-13 21:37:47,CANCELLED,WEST
402,375,2023-09-10 23:13:07,SHIPPED,WEST
403,365,2025-03-08 04:56:29,PLACED,SOUTH
404,234,2023-09-01 15:24:27,DELIVERED,NORTH
405,309,2023-06-21 09:37:49,RETURNED,EAST
406,21,2023-07-02 21:44:52,DELIVERED,EAST
407,151,2023-08-10 22:33:25,RETURNED,WEST
408,25,2024-04-19 01:20:13,SHIPPED,SOUTH
409,420,2023-01-04 05:45:45,DELIVERED,NORTH
410,,2025-01-17 11:33:27,RETURNED,WEST
411,461,2024-08-09 02:58:24,RETURNED,SOUTH
412,391,2024-12-17 00:56:44,CANCELLED,SOUTH
413,444,2023-05-19 17:54:13,RETURNED,WEST
414,199,2024-09-06 05:28:24,PLACED,WEST
415,377,2023-05-18 12:38:00,PLACED,CENTRAL
416,323,2024-04-24 18:41:27,PLACED,CENTRAL
417,44,2025-04-21 17:02:52,PLACED,CENTRAL
418,268,2025-01-09 04:26:25,PLACED,NORTH
419,338,2023-10-07 05:19:10,DELIVERED,SOUTH
420,126,2025-06-19 07:17:33,RETURNED,CENTRAL
421,165,2023-03-11 21:06:42,PLACED,EAST
422,224,2023-02-07 08:54:27,DELIVERED,WEST
423,132,2023-06-04 07:25:34,DELIVERED,SOUTH
424,94,2023-05-20 05:35:42,CANCELLED,SOUTH
425,31,2024-05-20 07:42:58,PLACED,EAST
426,200,2023-08-10 07:18:51,DELIVERED,EAST
427,193,07-07-2023 21:56:57,SHIPPED,CENTRAL
428,301,2025-03-01 02:46:31,CANCELLED,NORTH
429,138,2024-12-23 01:52:38,PLACED,WEST
430,15,2023-12-30 02:28:32,PLACED,EAST
431,284,2023-06-07 16:32:43,RETURNED,SOUTH
432,156,23-11-2024 19:25:25,RETURNED,SOUTH
433,401,2024-08-02 21:49:38,SHIPPED,SOUTH
434,276,2025-05-12 09:34:33,PLACED,WEST
435,493,2024-03-25 08:00:04,SHIPPED,NORTH
436,31,2025-01-19 01:12:24,DELIVERED,WEST
437,180,2023-11-27 12:02:56,RETURNED,EAST
438,24,2025-04-09 16:17:30,DELIVERED,NORTH
439,203,2023-08-05 22:32:21,DELIVERED,WEST
440,108,2024-05-09 11:13:51,DELIVERED,EAST
441,386,2024-02-29 02:40:03,DELIVERED,EAST
442,108,25-05-2024 05:46:25,SHIPPED,NORTH
443,312,2023-01-15 21:06:59,CANCELLED,CENTRAL
444,459,2025-01-29 14:22:23,RETURNED,NORTH
445,404,2023-05-01 10:16:16,CANCELLED,NORTH
446,181,2024-08-07 16:19:51,DELIVERED,WEST
447,91,2023-01-14 02:20:40,DELIVERED,SOUTH
448,,2023-01-31 17:30:50,DELIVERED,SOUTH
449,47,2024-04-15 23:18:53,SHIPPED,SOUTH
450,253,2023-02-27 03:51:21,RETURNED,SOUTH
451,4,2024-09-07 07:09:47,DELIVERED,CENTRAL
452,257,2025-05-07 04:02:34,RETURNED,CENTRAL
453,290,2023-07-19 05:22:19,SHIPPED,EAST
454,478,2023-12-21 03:09:27,DELIVERED,SOUTH
455,435,2025-04-07 21:29:59,RETURNED,WEST
456,2,2023-03-22 13:35:06,DELIVERED,WEST
457,433,2024-03-01 16:47:15,RETURNED,WEST
458,254,2023-03-09 12:28:49,SHIPPED,NORTH
459,143,2025-04-07 01:41:38,PLACED,WEST
460,100,2025-06-07 06:58:49,SHIPPED,WEST
461,491,2024-01-24 08:05:06,DELIVERED,EAST
462,33,31-05-2023 06:12:37,CANCELLED,NORTH
463,304,2024-06-03 07:42:06,SHIPPED,NORTH
464,243,2024-06-13 10:01:05,DELIVERED,CENTRAL
465,407,2023-04-24 06:18:46,RETURNED,WEST
466,392,2024-11-24 13:05:35,PLACED,NORTH
467,,2024-05-01 15:54:13,PLACED,SOUTH
468,32,17-11-2024 11:54:44,RETURNED,WEST
469,34,2023-03-28 16:00:01,DELIVERED,WEST
470,206,2024-09-30 15:13:02,RETURNED,CENTRAL
471,6,2024-12-22 02:58:09,RETURNED,CENTRAL
472,52,2023-02-10 08:18:33,DELIVERED,CENTRAL
473,99,2023-01-20 02:09:05,PLACED,CENTRAL
474,405,2025-06-09 10:53:50,RETURNED,EAST
475,182,2024-11-21 16:47:45,SHIPPED,NORTH
476,31,2025-06-27 00:34:14,DELIVERED,EAST
477,299,2023-08-15 05:16:54,DELIVERED,CENTRAL
478,176,2023-01-13 13:18:46,SHIPPED,NORTH
479,122,2025-05-19 01:48:16,CANCELLED,EAST
480,101,2023-11-09 15:33:45,DELIVERED,SOUTH
481,342,2024-12-27 02:01:26,DELIVERED,CENTRAL
482,290,2024-04-10 11:04:31,SHIPPED,NORTH
483,233,2023-03-07 13:02:14,PLACED,SOUTH
484,355,2023-11-28 02:22:46,DELIVERED,WEST
485,106,2023-01-11 10:44:26,PLACED,EAST
486,16,2023-08-10 05:07:49,SHIPPED,CENTRAL
487,468,2023-03-10 04:53:25,SHIPPED,SOUTH
488,146,2024-02-12 00:01:30,DELIVERED,CENTRAL
489,126,2023-02-03 09:16:51,DELIVERED,NORTH
490,11,2023-08-02 04:48:35,PLACED,EAST
491,480,2024-12-09 16:30:21,DELIVERED,SOUTH
492,482,2024-11-04 18:10:52,PLACED,NORTH
493,74,2023-07-23 04:22:44,SHIPPED,CENTRAL
494,194,2024-05-08 22:05:42,SHIPPED,NORTH
495,391,2023-10-21 18:14:22,DELIVERED,SOUTH
496,168,2024-03-11 01:53:22,RETURNED,CENTRAL
497,454,2023-05-07 11:05:56,RETURNED,NORTH
498,86,2025-03-01 22:48:19,RETURNED,WEST
499,92,2024-08-03 19:12:32,CANCELLED,WEST
500,243,2024-09-14 20:21:10,RETURNED,NORTH
501,107,2023-11-12 08:24:25,SHIPPED,WEST
502,112,2024-08-08 18:40:18,DELIVERED,EAST
503,282,2023-05-11 12:47:47,RETURNED,EAST
504,118,2024-12-23 17:53:35,DELIVERED,WEST
505,231,2024-09-27 06:51:52,CANCELLED,EAST
506,140,2023-10-06 22:41:44,DELIVERED,NORTH
507,184,2024-04-02 12:25:12,RETURNED,CENTRAL
508,330,2024-03-05 09:52:08,PLACED,NORTH
509,37,2025-04-28 05:19:37,SHIPPED,EAST
510,129,2024-03-02 08:46:49,RETURNED,SOUTH
511,438,2025-04-23 17:11:28,PLACED,EAST
512,145,2024-09-19 07:10:13,RETURNED,NORTH
513,242,2023-08-20 21:36:15,SHIPPED,SOUTH
514,371,2025-01-07 00:20:24,RETURNED,CENTRAL
515,388,2024-12-17 18:16:52,PLACED,EAST
516,434,2024-10-10 20:31:56,CANCELLED,CENTRAL
517,16,2025-06-16 03:04:31,DELIVERED,NORTH
518,256,2024-07-04 22:46:27,CANCELLED,WEST
519,352,2025-04-15 03:19:48,RETURNED,NORTH
520,291,2023-08-05 03:19:08,DELIVERED,CENTRAL
521,323,2025-06-10 11:44:59,CANCELLED,SOUTH
522,486,2025-04-10 07:15:11,CANCELLED,NORTH
523,169,2024-12-02 10:27:25,DELIVERED,NORTH
524,88,2025-05-08 21:51:31,RETURNED,WEST
525,14,2023-04-18 22:48:48,CANCELLED,EAST
526,106,25-03-2025 14:53:19,PLACED,EAST
527,,2024-05-22 14:56:44,CANCELLED,WEST
528,81,2023-07-20 14:36:04,CANCELLED,NORTH
529,200,2023-11-17 18:07:15,SHIPPED,EAST
530,222,2025-01-07 13:04:56,RETURNED,EAST
531,301,2024-12-13 23:08:10,PLACED,SOUTH
532,229,2024-09-12 04:37:51,SHIPPED,CENTRAL
533,169,2025-02-01 16:15:51,RETURNED,NORTH
534,378,2024-12-09 20:20:38,DELIVERED,WEST
535,314,2023-09-30 01:10:52,SHIPPED,CENTRAL
536,376,2024-08-20 13:21:01,SHIPPED,CENTRAL
537,49,2023-03-09 19:55:45,SHIPPED,EAST
538,452,2024-03-29 10:25:57,PLACED,SOUTH
539,466,2025-05-08 18:46:07,DELIVERED,NORTH
540,387,2024-05-21 10:39:02,SHIPPED,EAST
541,107,18-12-2024 22:51:10,CANCELLED,WEST
542,176,2023-10-29 23:53:27,PLACED,EAST
543,59,2023-08-01 00:21:52,CANCELLED,WEST
544,237,2025-05-01 22:53:52,CANCELLED,SOUTH
545,242,2023-09-08 16:10:49,PLACED,CENTRAL
546,52,2023-07-12 20:41:56,CANCELLED,SOUTH
547,40,2023-01-18 09:57:43,SHIPPED,WEST
548,184,2023-02-23 12:11:48,RETURNED,SOUTH
549,227,2025-03-23 06:10:22,PLACED,WEST
550,354,2023-03-23 10:10:56,PLACED,WEST
551,393,2024-01-23 21:28:57,SHIPPED,SOUTH
552,,2023-02-13 09:50:02,DELIVERED,SOUTH
553,349,2023-12-09 15:21:55,PLACED,SOUTH
554,371,2024-10-07 17:40:26,DELIVERED,EAST
555,288,2023-11-18 17:58:03,CANCELLED,WEST
556,62,2023-06-14 11:41:26,SHIPPED,NORTH
557,206,2023-01-19 14:41:53,CANCELLED,SOUTH
558,34,2024-03-08 13:39:09,DELIVERED,NORTH
559,35,2024-09-30 14:48:03,RETURNED,WEST
560,53,2025-06-03 05:30:10,PLACED,CENTRAL
561,167,2024-08-26 14:46:10,SHIPPED,EAST
562,90,2024-05-08 22:40:04,CANCELLED,NORTH
563,,2025-06-27 19:45:25,RETURNED,SOUTH
564,258,2023-01-21 15:32:59,RETURNED,NORTH
565,159,2024-10-27 15:33:30,RETURNED,NORTH
566,31,2025-02-13 17:52:15,SHIPPED,WEST
567,105,2024-01-05 19:40:04,RETURNED,WEST
568,379,2023-07-28 13:50:13,PLACED,CENTRAL
569,406,2024-03-24 02:23:08,SHIPPED,EAST
570,176,17-04-2025 18:59:58,SHIPPED,SOUTH
571,312,2025-03-21 01:52:57,CANCELLED,NORTH
572,34,2023-04-19 17:13:36,PLACED,SOUTH
573,481,2023-05-23 13:02:17,RETURNED,SOUTH
574,121,2024-10-24 03:22:19,DELIVERED,SOUTH
575,370,2024-10-20 16:29:28,SHIPPED,EAST
576,147,2023-11-09 20:46:25,CANCELLED,NORTH
577,487,2024-09-10 15:37:48,CANCELLED,WEST
578,217,2024-11-04 07:27:35,CANCELLED,NORTH
579,391,2023-05-10 07:08:44,DELIVERED,CENTRAL
580,276,2023-09-30 22:32:43,CANCELLED,EAST
581,233,2025-05-23 06:10:35,PLACED,EAST
582,70,2023-11-01 00:48:43,SHIPPED,NORTH
583,7,2024-08-04 09:20:33,CANCELLED,WEST
584,497,2024-08-19 13:57:10,RETURNED,NORTH
585,210,2023-07-13 08:51:28,RETURNED,SOUTH
586,100,2024-02-01 12:43:24,DELIVERED,CENTRAL
587,364,2024-07-25 22:45:55,CANCELLED,WEST
588,377,12-01-2025 02:53:59,DELIVERED,NORTH
589,358,2023-08-18 17:31:32,CANCELLED,SOUTH
590,131,2025-06-17 10:08:41,SHIPPED,NORTH
591,60,2024-08-20 01:31:19,RETURNED,NORTH
592,266,2024-10-19 00:31:38,CANCELLED,EAST
593,355,2025-04-08 07:11:08,CANCELLED,CENTRAL
594,158,2023-05-19 01:26:31,RETURNED,EAST
595,417,2023-11-22 11:40:43,CANCELLED,EAST
596,4,02-02-2025 20:46:19,PLACED,WEST
597,269,2024-03-23 22:06:14,SHIPPED,SOUTH
598,192,2023-07-28 16:15:44,SHIPPED,CENTRAL
599,486,2025-05-30 22:43:37,SHIPPED,SOUTH
600,31,2023-10-26 01:59:06,CANCELLED,WEST
601,321,2023-06-19 15:06:04,SHIPPED,NORTH
602,151,2023-07-13 16:27:58,DELIVERED,NORTH
603,300,2025-01-23 17:21:23,PLACED,NORTH
604,32,2023-01-12 05:25:45,PLACED,NORTH
605,109,2023-01-12 06:44:43,RETURNED,EAST
606,478,2024-06-07 13:23:16,DELIVERED,EAST
607,350,2024-05-04 16:23:42,DELIVERED,WEST
608,194,2024-07-07 01:43:54,PLACED,NORTH
609,234,2024-09-16 04:30:04,SHIPPED,NORTH
610,309,2025-04-04 07:17:44,SHIPPED,EAST
611,232,2025-01-08 04:43:07,SHIPPED,NORTH
612,327,15-05-2024 11:52:27,DELIVERED,NORTH
613,497,2024-05-20 16:27:32,SHIPPED,CENTRAL
614,249,2023-05-07 09:39:53,CANCELLED,NORTH
615,376,2023-10-31 00:59:45,RETURNED,CENTRAL
616,402,22-02-2025 22:13:00,CANCELLED,NORTH
617,155,2025-05-02 10:45:29,CANCELLED,SOUTH
618,459,2023-06-29 16:48:44,RETURNED,SOUTH
619,125,2023-05-19 22:15:35,PLACED,SOUTH
620,476,2024-08-18 17:32:11,SHIPPED,EAST
621,341,2023-07-11 05:25:48,RETURNED,WEST
622,47,2024-05-31 23:43:29,RETURNED,CENTRAL
623,34,2024-08-08 15:57:48,CANCELLED,CENTRAL
624,495,2023-12-29 12:34:08,PLACED,EAST
625,45,2024-06-12 12:59:11,SHIPPED,NORTH
626,294,2024-05-01 19:21:56,RETURNED,NORTH
627,160,2025-04-12 00:43:43,CANCELLED,WEST
628,164,2023-07-16 05:04:47,RETURNED,CENTRAL
629,114,2023-01-15 06:34:22,CANCELLED,EAST
630,75,2024-04-06 02:23:02,CANCELLED,WEST
631,76,2023-08-15 14:27:13,PLACED,CENTRAL
632,164,2023-07-11 19:04:19,RETURNED,WEST
633,324,2025-02-07 23:53:21,CANCELLED,NORTH
634,415,2023-11-24 04:13:29,SHIPPED,NORTH
635,473,2023-10-06 02:21:28,CANCELLED,EAST
636,418,2023-09-05 07:09:12,RETURNED,WEST
637,173,2025-01-05 10:26:13,CANCELLED,WEST
638,37,2024-03-15 16:29:28,SHIPPED,CENTRAL
639,202,2024-05-17 09:55:07,RETURNED,NORTH
640,436,2024-04-17 08:42:02,SHIPPED,CENTRAL
641,71,2025-01-19 10:43:51,SHIPPED,SOUTH
642,112,2023-10-31 22:32:58,PLACED,EAST
643,372,2023-06-08 08:53:27,SHIPPED,WEST
644,487,2023-09-19 07:48:17,PLACED,EAST
645,499,2023-03-23 12:18:08,RETURNED,EAST
646,304,2023-08-19 19:01:42,CANCELLED,SOUTH
647,18,2024-09-08 03:59:23,RETURNED,SOUTH
648,335,2023-05-20 04:56:44,CANCELLED,EAST
649,324,24-07-2024 14:47:46,PLACED,NORTH
650,63,2025-03-02 20:48:05,RETURNED,CENTRAL
651,294,2023-05-27 21:12:00,SHIPPED,WEST
652,248,2024-11-04 15:53:07,SHIPPED,NORTH
653,167,2025-04-14 23:51:54,PLACED,WEST
654,285,2025-04-03 11:06:01,RETURNED,CENTRAL
655,276,2023-07-12 18:23:07,SHIPPED,NORTH
656,93,07-10-2023 12:33:30,CANCELLED,EAST
657,,2025-06-12 08:34:29,SHIPPED,NORTH
658,288,24-02-2023 09:05:29,PLACED,CENTRAL
659,153,2025-04-25 17:42:55,PLACED,SOUTH
660,,2025-03-17 22:14:28,DELIVERED,CENTRAL
661,228,2025-01-31 21:02:01,RETURNED,EAST
662,311,2023-11-22 23:23:01,PLACED,SOUTH
663,19,2024-04-10 13:58:11,SHIPPED,SOUTH
664,309,2024-07-11 18:55:10,RETURNED,WEST
665,39,2024-02-09 22:38:51,SHIPPED,WEST
666,234,2024-01-30 20:29:40,SHIPPED,CENTRAL
667,105,2024-02-23 11:56:53,SHIPPED,EAST
668,289,2025-03-05 11:23:49,CANCELLED,SOUTH
669,162,2024-11-04 14:47:28,RETURNED,SOUTH
670,40,2025-04-05 14:38:38,RETURNED,WEST
671,34,2023-05-19 05:11:49,DELIVERED,EAST
672,75,2023-12-17 17:08:48,PLACED,WEST
673,497,2023-06-13 02:47:07,PLACED,SOUTH
674,270,2024-04-21 04:59:44,CANCELLED,NORTH
675,271,2025-06-07 19:35:56,RETURNED,EAST
676,312,2023-03-16 12:12:03,CANCELLED,SOUTH
677,177,2025-04-05 22:32:48,CANCELLED,WEST
678,304,2023-01-15 18:05:28,SHIPPED,SOUTH
679,74,20-02-2024 08:16:21,DELIVERED,SOUTH
680,348,2024-12-12 03:31:16,DELIVERED,WEST
681,258,2024-10-26 12:14:17,SHIPPED,EAST
682,326,2024-04-19 19:53:12,DELIVERED,NORTH
683,325,2024-01-08 21:13:05,SHIPPED,CENTRAL
684,30,2024-03-20 01:17:33,CANCELLED,NORTH
685,493,2025-03-01 05:03:10,SHIPPED,WEST
686,255,2025-04-07 01:39:32,CANCELLED,NORTH
687,316,2023-01-12 07:48:01,RETURNED,EAST
688,126,2025-03-31 09:25:14,PLACED,CENTRAL
689,230,2025-03-24 06:06:23,SHIPPED,NORTH
690,188,2025-03-08 23:32:44,PLACED,WEST
691,254,2024-08-02 21:01:29,DELIVERED,SOUTH
692,426,2023-07-03 02:20:26,CANCELLED,EAST
693,136,2025-06-02 15:57:53,DELIVERED,CENTRAL
694,423,2024-12-20 08:00:55,CANCELLED,NORTH
695,,2024-12-16 03:14:11,DELIVERED,NORTH
696,3,2023-10-17 04:27:44,PLACED,NORTH
697,221,2023-05-12 15:28:37,SHIPPED,WEST
698,64,2023-01-11 17:38:25,DELIVERED,SOUTH
699,241,2024-04-09 22:09:06,SHIPPED,CENTRAL
700,416,2024-11-12 07:09:06,CANCELLED,SOUTH
701,72,05-11-2024 03:12:26,SHIPPED,NORTH
702,98,2023-07-27 15:57:50,DELIVERED,NORTH
703,83,2025-01-14 13:24:43,DELIVERED,NORTH
704,216,2025-02-08 20:05:56,SHIPPED,EAST
705,385,2024-09-13 04:27:31,CANCELLED,SOUTH
706,57,2023-02-02 20:36:41,DELIVERED,CENTRAL
707,7,03-01-2024 09:32:35,DELIVERED,WEST
708,500,2023-01-13 11:20:19,DELIVERED,EAST
709,249,2024-10-28 08:29:14,SHIPPED,CENTRAL
710,96,2023-06-28 16:15:21,SHIPPED,WEST
711,102,2023-06-10 02:32:15,RETURNED,CENTRAL
712,93,2023-08-20 00:54:39,SHIPPED,WEST
713,20,2023-10-26 12:53:32,CANCELLED,NORTH
714,316,2023-03-21 03:45:13,RETURNED,EAST
715,359,2023-12-26 12:14:53,CANCELLED,WEST
716,32,2023-03-22 05:51:22,DELIVERED,EAST
717,144,2024-10-11 10:56:09,PLACED,SOUTH
718,,2024-05-14 15:35:37,CANCELLED,EAST
719,466,2024-10-31 09:23:49,CANCELLED,EAST
720,172,2023-05-31 12:13:02,RETURNED,SOUTH
721,170,2024-07-15 09:24:28,RETURNED,CENTRAL
722,310,2024-03-04 16:02:52,CANCELLED,NORTH
723,455,06-07-2023 23:08:07,SHIPPED,SOUTH
724,361,03-06-2023 05:28:09,RETURNED,CENTRAL
725,176,2025-01-06 15:24:07,SHIPPED,CENTRAL
726,370,2023-07-18 13:55:13,RETURNED,EAST
727,457,2025-05-20 11:12:53,DELIVERED,WEST
728,323,08-11-2024 11:56:49,CANCELLED,CENTRAL
729,477,2023-02-03 23:33:19,DELIVERED,SOUTH
730,,29-05-2025 12:31:31,SHIPPED,WEST
731,254,2025-03-08 16:12:31,SHIPPED,WEST
732,385,2025-05-23 19:28:02,CANCELLED,CENTRAL
733,140,2023-01-06 14:14:17,SHIPPED,CENTRAL
734,,2025-03-07 14:24:30,RETURNED,EAST
735,156,2024-04-05 09:14:20,RETURNED,NORTH
736,88,2025-04-08 20:46:28,PLACED,SOUTH
737,483,2023-07-26 13:31:58,PLACED,SOUTH
738,422,30-06-2023 11:41:05,DELIVERED,CENTRAL
739,498,2023-05-10 07:38:29,RETURNED,EAST
740,370,2024-04-03 02:29:42,PLACED,NORTH
741,422,2024-03-10 11:35:30,PLACED,CENTRAL
742,337,2025-06-25 01:33:15,CANCELLED,EAST
743,446,2025-05-05 18:12:47,CANCELLED,SOUTH
744,167,2025-06-22 13:59:53,CANCELLED,SOUTH
745,229,2024-11-05 01:05:50,CANCELLED,NORTH
746,254,2023-10-15 10:20:40,SHIPPED,SOUTH
747,292,2023-10-08 06:02:49,PLACED,EAST
748,84,2024-09-04 08:44:30,SHIPPED,NORTH
749,74,2024-01-16 23:43:32,CANCELLED,NORTH
750,371,2023-01-19 07:30:29,CANCELLED,WEST
751,11,2023-01-22 01:15:26,PLACED,SOUTH
752,128,2024-02-20 18:57:24,RETURNED,NORTH
753,406,2023-06-15 04:36:11,DELIVERED,NORTH
754,104,2025-05-24 08:36:53,SHIPPED,EAST
755,170,14-01-2024 17:51:11,DELIVERED,CENTRAL
756,,2023-03-11 04:02:38,DELIVERED,NORTH
757,262,2024-10-07 02:56:05,SHIPPED,NORTH
758,117,2023-08-17 22:35:40,DELIVERED,SOUTH
759,472,2024-08-20 16:17:19,PLACED,WEST
760,87,2023-12-15 18:48:14,DELIVERED,EAST
761,40,2023-07-03 20:26:38,PLACED,NORTH
762,310,2024-10-27 20:25:30,RETURNED,SOUTH
763,348,2024-04-13 11:06:43,DELIVERED,EAST
764,449,2025-02-14 13:25:05,DELIVERED,NORTH
765,,2023-08-19 21:48:38,SHIPPED,EAST
766,76,2025-01-13 05:14:17,PLACED,CENTRAL
767,219,2024-03-08 14:20:35,DELIVERED,SOUTH
768,94,2024-07-01 18:12:26,CANCELLED,WEST
769,356,2024-06-02 00:28:54,SHIPPED,WEST
770,215,2025-04-16 21:57:10,RETURNED,CENTRAL
771,421,2023-05-10 21:29:40,CANCELLED,CENTRAL
772,296,2023-12-07 17:21:49,SHIPPED,EAST
773,2,2023-01-27 15:34:18,CANCELLED,SOUTH
774,472,2024-06-26 16:37:12,SHIPPED,EAST
775,236,2025-05-06 17:25:28,CANCELLED,SOUTH
776,108,2023-03-28 18:49:22,PLACED,SOUTH
777,194,2024-10-21 18:17:22,PLACED,CENTRAL
778,38,03-09-2023 17:07:27,DELIVERED,SOUTH
779,41,2023-01-20 09:12:08,CANCELLED,SOUTH
780,392,2023-08-06 15:46:07,DELIVERED,WEST
781,211,2024-11-20 16:32:12,PLACED,EAST
782,57,2023-02-19 21:29:13,SHIPPED,CENTRAL
783,,2024-10-20 01:43:36,CANCELLED,CENTRAL
784,365,2025-06-07 16:08:02,SHIPPED,WEST
785,477,2023-05-23 19:38:31,SHIPPED,SOUTH
786,206,2023-12-07 01:25:21,RETURNED,CENTRAL
787,431,2024-12-28 16:33:48,CANCELLED,WEST
788,85,2024-07-31 01:42:31,SHIPPED,EAST
789,56,2024-07-17 10:29:48,DELIVERED,NORTH
790,123,2025-04-21 07:06:55,SHIPPED,CENTRAL
791,6,2024-04-25 04:49:59,SHIPPED,NORTH
792,124,2025-06-04 15:43:03,RETURNED,WEST
793,,2023-05-25 19:09:19,PLACED,EAST
794,385,2024-09-10 11:36:01,DELIVERED,WEST
795,372,2023-07-21 04:44:22,PLACED,EAST
796,209,2025-02-21 06:45:49,SHIPPED,NORTH
797,301,2025-01-10 22:05:52,PLACED,EAST
798,83,20-12-2024 09:51:05,PLACED,SOUTH
799,453,2023-08-07 19:44:21,SHIPPED,CENTRAL
800,265,2025-03-23 21:33:23,DELIVERED,WEST
801,403,2024-03-27 19:21:37,CANCELLED,NORTH
802,457,2024-08-25 04:03:11,RETURNED,CENTRAL
803,39,2025-05-30 15:35:45,CANCELLED,NORTH
804,,2024-04-25 20:34:25,PLACED,WEST
805,49,2023-09-21 15:31:55,SHIPPED,NORTH
806,144,02-07-2024 22:31:54,SHIPPED,WEST
807,133,2024-02-02 17:21:08,CANCELLED,SOUTH
808,482,2025-06-02 11:55:11,DELIVERED,EAST
809,206,2023-07-20 08:52:51,RETURNED,CENTRAL
810,488,2023-05-10 16:45:11,RETURNED,WEST
811,135,2023-03-08 07:03:38,PLACED,SOUTH
812,359,2023-01-13 08:08:04,PLACED,EAST
813,193,2024-09-12 06:15:10,SHIPPED,WEST
814,448,2023-05-26 06:02:56,CANCELLED,CENTRAL
815,461,19-06-2023 12:15:11,PLACED,WEST
816,394,2024-09-15 17:46:05,DELIVERED,EAST
817,310,2025-01-09 18:44:55,CANCELLED,NORTH
818,280,2024-12-31 01:39:36,SHIPPED,EAST
819,,13-08-2024 18:02:45,DELIVERED,WEST
820,243,2023-11-25 13:01:34,CANCELLED,EAST
821,130,2023-05-10 20:30:32,DELIVERED,WEST
822,42,2024-12-02 06:11:31,RETURNED,SOUTH
823,343,2023-10-13 22:56:09,PLACED,WEST
824,176,2024-04-06 05:25:12,DELIVERED,WEST
825,247,2023-09-07 14:55:33,CANCELLED,EAST
826,468,2024-08-27 12:06:53,RETURNED,CENTRAL
827,102,2025-06-17 15:38:47,DELIVERED,EAST
828,8,2024-12-13 12:02:57,CANCELLED,EAST
829,59,2024-09-23 07:11:31,PLACED,WEST
830,483,2023-07-15 07:04:37,RETURNED,NORTH
831,19,2023-10-19 12:21:28,RETURNED,SOUTH
832,308,2024-06-24 17:34:12,SHIPPED,CENTRAL
833,,19-07-2024 03:14:25,DELIVERED,CENTRAL
834,420,2025-02-14 08:56:23,CANCELLED,WEST
835,211,2025-04-22 16:38:10,DELIVERED,NORTH
836,475,2024-10-27 11:17:55,RETURNED,CENTRAL
837,84,2024-08-15 17:42:42,CANCELLED,EAST
838,360,2023-06-04 03:22:42,PLACED,NORTH
839,,2024-09-30 21:37:02,RETURNED,CENTRAL
840,52,2025-02-20 22:40:39,PLACED,EAST
841,437,2023-12-13 05:32:42,RETURNED,WEST
842,59,2024-12-30 10:59:47,DELIVERED,WEST
843,212,06-09-2024 20:48:45,DELIVERED,SOUTH
844,260,2024-02-15 21:14:24,CANCELLED,SOUTH
845,3,05-10-2024 23:47:33,PLACED,SOUTH
846,405,2025-03-17 04:21:07,RETURNED,EAST
847,172,2025-06-07 20:41:38,SHIPPED,CENTRAL
848,499,2024-09-02 23:56:53,RETURNED,WEST
849,66,2024-08-29 11:36:10,SHIPPED,WEST
850,463,2023-09-04 03:12:27,PLACED,SOUTH
851,259,2025-06-15 05:38:56,DELIVERED,CENTRAL
852,82,13-11-2023 12:49:10,PLACED,WEST
853,6,26-08-2023 18:03:57,RETURNED,NORTH
854,293,2023-07-22 19:10:57,DELIVERED,SOUTH
855,123,2023-12-11 11:38:02,RETURNED,SOUTH
856,372,2024-08-10 08:50:56,PLACED,EAST
857,43,2023-02-05 22:45:08,RETURNED,NORTH
858,57,2023-07-10 14:00:11,DELIVERED,EAST
859,459,2023-05-01 04:59:19,DELIVERED,SOUTH
860,201,2023-02-04 02:36:54,CANCELLED,NORTH
861,108,2024-08-05 22:29:48,CANCELLED,SOUTH
862,93,2023-10-05 13:33:50,RETURNED,NORTH
863,61,2024-06-22 17:02:03,RETURNED,CENTRAL
864,,2025-03-21 12:11:45,PLACED,SOUTH
865,,2023-02-05 18:55:31,SHIPPED,SOUTH
866,444,04-12-2023 00:46:21,SHIPPED,SOUTH
867,43,2023-07-16 15:15:13,CANCELLED,SOUTH
868,489,2025-05-06 17:18:09,CANCELLED,WEST
869,224,2024-09-13 06:55:26,DELIVERED,SOUTH
870,102,2024-03-12 15:31:29,PLACED,CENTRAL
871,407,2024-04-29 00:44:08,SHIPPED,WEST
872,222,2024-10-20 06:04:20,DELIVERED,EAST
873,319,2024-08-18 00:59:03,RETURNED,EAST
874,192,2023-04-10 20:01:10,PLACED,CENTRAL
875,130,2024-03-31 21:29:12,RETURNED,EAST
876,,2023-10-07 11:18:57,CANCELLED,SOUTH
877,184,2023-12-01 06:38:49,DELIVERED,SOUTH
878,400,2023-01-15 23:08:39,PLACED,EAST
879,110,2024-05-14 12:40:18,RETURNED,NORTH
880,198,2023-11-26 14:27:48,PLACED,CENTRAL
881,143,2023-04-27 05:38:53,CANCELLED,WEST
882,163,2023-11-04 19:34:58,CANCELLED,WEST
883,24,2024-10-16 08:51:46,CANCELLED,SOUTH
884,308,2024-08-17 17:57:46,PLACED,EAST
885,10,2025-06-13 09:50:29,CANCELLED,EAST
886,68,17-09-2024 17:52:29,RETURNED,CENTRAL
887,21,26-01-2023 06:40:30,PLACED,WEST
888,371,2024-05-07 17:41:15,CANCELLED,NORTH
889,285,2025-02-06 02:53:30,CANCELLED,EAST
890,357,2025-02-05 08:55:20,PLACED,EAST
891,481,2023-02-15 11:56:33,PLACED,SOUTH
892,54,2024-11-07 19:25:10,PLACED,SOUTH
893,371,2024-07-27 00:49:32,RETURNED,NORTH
894,479,2023-03-23 13:00:20,PLACED,NORTH
895,25,2023-04-27 13:46:30,RETURNED,WEST
896,139,2023-08-03 00:11:20,PLACED,SOUTH
897,164,2025-06-26 09:57:21,CANCELLED,WEST
898,343,2025-03-30 13:56:27,CANCELLED,WEST
899,500,2025-01-19 20:35:44,DELIVERED,EAST
900,365,2025-05-17 14:57:25,SHIPPED,SOUTH
901,356,07-02-2025 08:14:20,PLACED,SOUTH
902,240,2023-10-19 22:04:10,DELIVERED,SOUTH
903,417,2025-03-30 16:01:04,DELIVERED,EAST
904,363,2023-08-28 05:29:45,PLACED,SOUTH
905,113,2024-08-21 23:18:20,RETURNED,CENTRAL
906,104,19-10-2023 23:24:48,CANCELLED,SOUTH
907,352,2025-06-15 17:09:07,SHIPPED,WEST
908,449,2023-06-21 04:31:23,CANCELLED,SOUTH
909,,2025-04-04 16:50:33,DELIVERED,NORTH
910,475,2024-07-04 13:59:24,SHIPPED,WEST
911,258,02-06-2024 10:42:38,DELIVERED,EAST
912,,2024-08-17 05:28:24,CANCELLED,SOUTH
913,151,2023-10-02 09:48:24,RETURNED,CENTRAL
914,253,2023-06-19 14:41:43,SHIPPED,NORTH
915,113,2023-02-25 10:32:36,SHIPPED,NORTH
916,273,2023-12-18 19:13:39,CANCELLED,WEST
917,202,2024-02-21 17:43:00,SHIPPED,SOUTH
918,178,2024-03-23 08:37:17,PLACED,SOUTH
919,258,2025-01-10 14:50:19,SHIPPED,SOUTH
920,162,2023-09-16 20:59:34,CANCELLED,SOUTH
921,,2025-01-07 06:23:46,PLACED,SOUTH
922,499,2023-04-30 13:54:47,PLACED,CENTRAL
923,181,24-06-2025 21:44:17,SHIPPED,WEST
924,,2023-01-28 00:22:36,DELIVERED,SOUTH
925,269,2023-08-16 17:00:31,PLACED,EAST
926,412,2024-12-04 02:45:38,DELIVERED,CENTRAL
927,132,2024-01-29 20:32:19,PLACED,EAST
928,155,2025-03-15 10:08:27,RETURNED,WEST
929,58,2025-03-17 17:14:20,PLACED,SOUTH
930,211,2023-08-09 00:27:56,PLACED,SOUTH
931,296,2024-10-31 02:25:28,PLACED,SOUTH
932,472,2023-06-17 15:59:01,RETURNED,WEST
933,491,2023-09-29 18:41:33,DELIVERED,EAST
934,201,2024-03-05 03:14:22,PLACED,CENTRAL
935,267,2023-07-11 00:19:41,CANCELLED,CENTRAL
936,496,2024-06-23 01:00:58,PLACED,WEST
937,475,2024-12-25 09:34:31,RETURNED,EAST
938,320,2023-09-10 14:25:18,DELIVERED,NORTH
939,410,06-12-2024 01:03:34,DELIVERED,CENTRAL
940,64,20-04-2024 01:51:07,DELIVERED,NORTH
941,26,2024-06-28 01:04:55,RETURNED,CENTRAL
942,80,2024-02-25 11:16:04,SHIPPED,WEST
943,300,2024-03-27 17:53:07,CANCELLED,EAST
944,128,2024-08-23 00:06:07,PLACED,EAST
945,472,2024-04-27 17:04:13,CANCELLED,EAST
946,412,2023-11-06 22:08:51,CANCELLED,CENTRAL
947,103,2023-05-13 23:19:19,CANCELLED,CENTRAL
948,94,09-11-2024 16:32:41,RETURNED,WEST
949,356,2024-07-09 10:45:55,CANCELLED,WEST
950,216,17-12-2024 13:54:48,RETURNED,NORTH
951,491,2023-05-18 08:52:17,RETURNED,EAST
952,403,2025-03-06 16:27:12,RETURNED,CENTRAL
953,461,31-03-2024 16:37:36,CANCELLED,SOUTH
954,207,2024-12-19 22:43:33,RETURNED,WEST
955,430,2023-03-26 23:05:37,PLACED,EAST
956,305,2024-03-27 09:29:34,DELIVERED,NORTH
957,63,2025-03-04 12:46:56,PLACED,SOUTH
958,265,2025-02-08 10:17:45,SHIPPED,EAST
959,322,2023-01-11 00:30:11,RETURNED,SOUTH
960,59,2023-08-26 17:04:36,PLACED,CENTRAL
961,50,2023-06-10 22:44:59,RETURNED,WEST
962,201,2023-07-09 05:27:31,CANCELLED,SOUTH
963,420,2025-04-29 07:10:15,RETURNED,WEST
964,440,2023-07-11 09:05:58,PLACED,SOUTH
965,73,2024-01-09 21:16:17,RETURNED,SOUTH
966,244,2024-03-25 15:26:31,RETURNED,WEST
967,189,2024-08-30 16:35:28,PLACED,WEST
968,214,19-08-2023 04:02:55,CANCELLED,NORTH
969,289,2025-06-20 20:01:41,RETURNED,WEST
970,22,2024-07-05 01:10:34,CANCELLED,WEST
971,,2023-09-03 22:23:36,RETURNED,SOUTH
972,179,2025-03-26 15:29:36,PLACED,SOUTH
973,336,2025-05-24 19:40:13,SHIPPED,EAST
974,402,2024-04-15 14:02:40,PLACED,WEST
975,193,2023-10-08 04:51:00,RETURNED,CENTRAL
976,133,2024-05-18 10:27:06,RETURNED,EAST
977,300,19-09-2024 05:46:49,PLACED,SOUTH
978,119,2023-06-15 00:11:05,CANCELLED,EAST
979,390,2024-01-03 13:43:41,SHIPPED,WEST
980,387,10-04-2023 23:53:02,DELIVERED,NORTH
981,20,2023-04-24 05:13:35,DELIVERED,CENTRAL
982,324,2023-09-28 09:41:49,CANCELLED,WEST
983,69,2025-06-10 08:03:22,SHIPPED,EAST
984,252,2024-03-20 10:11:00,SHIPPED,WEST
985,417,26-10-2023 17:18:27,PLACED,NORTH
986,,2023-08-07 08:33:11,DELIVERED,WEST
987,291,2023-04-22 19:03:14,RETURNED,WEST
988,98,2025-06-05 00:56:14,RETURNED,EAST
989,183,2025-05-17 21:44:43,PLACED,WEST
990,219,2023-04-21 02:08:10,SHIPPED,CENTRAL
991,153,2025-02-13 17:20:24,RETURNED,CENTRAL
992,,2024-03-26 08:07:26,DELIVERED,WEST
993,361,2023-09-03 05:33:35,PLACED,CENTRAL
994,295,2025-03-15 07:28:57,RETURNED,EAST
995,205,2025-04-28 02:10:43,PLACED,CENTRAL
996,242,2024-02-13 15:19:45,PLACED,EAST
997,216,2024-06-03 16:36:05,PLACED,SOUTH
998,105,2024-05-27 00:43:13,PLACED,SOUTH
999,253,2025-05-25 22:04:57,PLACED,EAST
1000,37,2023-05-06 04:44:34,CANCELLED,SOUTH
1001,139,11-06-2023 15:41:00,RETURNED,SOUTH
1002,333,2025-01-11 21:56:32,SHIPPED,NORTH
1003,477,2023-11-01 17:54:26,CANCELLED,NORTH
1004,283,2024-08-24 09:03:29,SHIPPED,WEST
1005,360,2023-08-03 00:27:14,PLACED,CENTRAL
1006,463,2023-10-28 19:37:56,PLACED,SOUTH
1007,119,2023-01-16 14:40:41,RETURNED,CENTRAL
1008,24,2023-01-24 03:27:30,SHIPPED,NORTH
1009,40,2024-11-12 06:32:54,PLACED,EAST
1010,180,2024-01-15 10:05:20,SHIPPED,CENTRAL
1011,204,2023-07-10 02:31:16,PLACED,EAST
1012,481,2025-02-07 20:17:59,DELIVERED,SOUTH
1013,228,2024-07-24 00:16:38,DELIVERED,SOUTH
1014,270,2024-05-10 07:55:23,RETURNED,NORTH
1015,28,2024-09-30 04:59:46,RETURNED,WEST
1016,144,2023-08-02 00:37:56,RETURNED,SOUTH
1017,157,2023-11-24 10:03:41,SHIPPED,NORTH
1018,121,2024-12-05 21:30:36,PLACED,WEST
1019,,2024-03-07 19:22:23,DELIVERED,NORTH
1020,31,2024-08-19 10:10:52,CANCELLED,WEST
1021,,2023-11-16 14:10:29,CANCELLED,CENTRAL
1022,27,2023-02-18 15:10:33,DELIVERED,NORTH
1023,466,2024-06-06 07:07:35,DELIVERED,CENTRAL
1024,111,2024-06-13 15:19:40,RETURNED,WEST
1025,444,2023-03-30 17:32:07,RETURNED,WEST
1026,488,2024-03-22 11:44:14,RETURNED,WEST
1027,218,2025-06-01 19:52:24,DELIVERED,SOUTH
1028,492,2024-01-06 01:44:34,PLACED,EAST
1029,410,02-03-2024 06:06:21,SHIPPED,CENTRAL
1030,152,04-09-2024 23:47:57,DELIVERED,EAST
1031,138,2023-01-20 04:02:08,RETURNED,EAST
1032,429,2023-10-05 17:33:55,PLACED,WEST
1033,5,2024-07-11 06:11:13,RETURNED,SOUTH
1034,210,2023-05-04 13:43:23,RETURNED,CENTRAL
1035,161,2024-11-15 04:46:31,DELIVERED,EAST
1036,445,2023-12-20 06:47:30,SHIPPED,CENTRAL
1037,,2023-06-27 18:52:37,SHIPPED,CENTRAL
1038,441,07-05-2024 23:05:07,SHIPPED,NORTH
1039,488,2024-02-07 10:15:39,PLACED,EAST
1040,277,2023-12-31 14:07:59,PLACED,CENTRAL
1041,228,2023-05-01 07:33:13,DELIVERED,CENTRAL
1042,191,08-10-2024 04:28:24,CANCELLED,EAST
1043,,2024-07-13 16:28:15,CANCELLED,EAST
1044,241,2024-04-01 19:27:52,SHIPPED,EAST
1045,23,2023-08-22 02:45:48,PLACED,NORTH
1046,312,2024-05-01 09:25:44,RETURNED,CENTRAL
1047,365,2023-11-30 18:53:11,RETURNED,NORTH
1048,337,2024-08-15 00:03:08,PLACED,NORTH
1049,491,2023-12-15 20:59:12,RETURNED,CENTRAL
1050,376,2023-07-08 08:14:35,RETURNED,NORTH
1051,311,2025-03-25 16:50:28,DELIVERED,EAST
1052,100,2024-03-31 06:15:59,DELIVERED,SOUTH
1053,410,2024-07-16 07:01:54,DELIVERED,NORTH
1054,355,2024-09-28 19:08:31,DELIVERED,CENTRAL
1055,259,2024-07-16 19:24:39,RETURNED,SOUTH
1056,230,2023-12-23 22:11:48,SHIPPED,CENTRAL
1057,126,2024-09-25 05:04:46,SHIPPED,CENTRAL
1058,134,2024-06-14 14:43:11,PLACED,WEST
1059,216,2023-08-19 12:41:59,SHIPPED,SOUTH
1060,449,2023-09-17 01:40:17,DELIVERED,CENTRAL
1061,365,2023-06-06 21:22:49,PLACED,WEST
1062,13,2023-04-24 10:11:08,RETURNED,WEST
1063,463,2023-07-17 23:47:30,RETURNED,SOUTH
1064,365,2024-06-07 05:07:23,DELIVERED,CENTRAL
1065,312,12-03-2023 06:35:01,DELIVERED,WEST
1066,467,2024-11-29 16:02:01,CANCELLED,EAST
1067,388,2023-07-29 02:27:29,RETURNED,CENTRAL
1068,43,2023-01-13 02:11:56,DELIVERED,WEST
1069,195,2023-10-02 12:41:00,RETURNED,EAST
1070,484,2023-12-27 19:24:45,DELIVERED,NORTH
1071,289,2025-03-26 20:38:17,CANCELLED,EAST
1072,166,2023-10-05 03:49:24,PLACED,SOUTH
1073,221,2025-06-12 10:41:31,DELIVERED,NORTH
1074,178,2023-07-04 03:54:16,CANCELLED,WEST
1075,115,2024-03-24 03:16:11,DELIVERED,CENTRAL
1076,386,2023-12-26 21:27:16,SHIPPED,NORTH
1077,106,2025-03-01 05:38:32,PLACED,CENTRAL
1078,,2025-04-18 14:18:42,SHIPPED,NORTH
1079,251,2023-02-10 01:02:51,DELIVERED,CENTRAL
1080,219,2025-03-20 04:19:55,CANCELLED,EAST
1081,471,2023-07-06 07:42:33,CANCELLED,WEST
1082,135,2023-08-01 12:56:45,PLACED,EAST
1083,412,2023-12-12 13:13:49,DELIVERED,SOUTH
1084,260,2024-12-05 10:21:55,RETURNED,NORTH
1085,362,2023-03-01 14:02:48,RETURNED,EAST
1086,98,2023-02-25 08:36:47,PLACED,SOUTH
1087,71,2023-12-09 02:00:25,DELIVERED,WEST
1088,78,2023-10-18 15:46:28,DELIVERED,SOUTH
1089,102,2023-05-18 19:24:43,SHIPPED,NORTH
1090,223,2025-05-16 09:56:54,SHIPPED,NORTH
1091,215,2024-08-13 18:14:50,SHIPPED,EAST
1092,248,2023-10-07 17:17:05,SHIPPED,EAST
1093,343,2024-09-01 06:39:02,RETURNED,WEST
1094,152,2023-06-24 13:21:39,DELIVERED,WEST
1095,497,2024-01-20 07:36:03,PLACED,SOUTH
1096,238,2023-06-26 08:56:23,CANCELLED,SOUTH
1097,397,2025-01-29 21:44:33,SHIPPED,NORTH
1098,149,2023-12-01 03:44:21,CANCELLED,NORTH
1099,288,2024-02-11 09:21:02,CANCELLED,WEST
1100,415,2024-09-11 07:50:58,PLACED,EAST
1101,249,2024-06-11 22:12:41,PLACED,EAST
1102,230,2025-06-08 08:33:33,RETURNED,SOUTH
1103,400,2024-05-27 03:31:01,RETURNED,NORTH
1104,487,12-08-2024 01:09:29,DELIVERED,EAST
1105,393,2023-04-09 14:08:18,RETURNED,SOUTH
1106,186,2023-09-01 21:07:11,CANCELLED,SOUTH
1107,149,2024-08-03 19:15:17,SHIPPED,CENTRAL
1108,376,22-01-2023 04:34:09,PLACED,CENTRAL
1109,53,23-01-2025 06:22:49,DELIVERED,EAST
1110,13,20-01-2024 04:20:17,PLACED,WEST
1111,336,2024-02-24 10:16:46,PLACED,NORTH
1112,259,07-10-2024 06:29:23,RETURNED,CENTRAL
1113,471,2024-08-30 14:09:21,RETURNED,EAST
1114,402,2025-03-06 22:00:08,DELIVERED,EAST
1115,235,2024-02-15 12:41:52,RETURNED,WEST
1116,193,2023-05-25 13:37:03,CANCELLED,CENTRAL
1117,143,2025-04-08 07:16:56,CANCELLED,NORTH
1118,255,2024-08-02 00:40:02,PLACED,WEST
1119,115,2023-02-08 16:02:10,SHIPPED,WEST
1120,190,2023-06-19 05:53:33,DELIVERED,SOUTH
1121,415,10-05-2023 22:07:18,SHIPPED,SOUTH
1122,443,24-01-2024 07:31:19,CANCELLED,CENTRAL
1123,430,2025-05-30 05:50:26,PLACED,WEST
1124,130,2024-06-08 20:38:59,PLACED,EAST
1125,353,2024-09-23 12:41:47,DELIVERED,SOUTH
1126,387,2025-01-29 05:03:32,DELIVERED,SOUTH
1127,165,2025-01-20 07:24:30,PLACED,NORTH
1128,218,2024-08-06 14:35:28,PLACED,SOUTH
1129,267,2023-09-16 04:16:20,PLACED,NORTH
1130,454,2023-09-23 04:58:50,RETURNED,WEST
1131,72,2025-04-29 20:48:32,PLACED,EAST
1132,61,2024-04-02 01:27:10,DELIVERED,CENTRAL
1133,166,2024-07-31 07:26:17,SHIPPED,SOUTH
1134,149,2023-11-14 14:53:23,DELIVERED,CENTRAL
1135,310,2024-12-20 01:25:24,DELIVERED,SOUTH
1136,85,06-01-2025 03:10:11,CANCELLED,SOUTH
1137,77,2023-01-09 16:52:25,SHIPPED,SOUTH
1138,356,2024-12-13 09:36:28,PLACED,CENTRAL
1139,240,2023-04-14 17:26:26,RETURNED,SOUTH
1140,177,2023-10-27 06:09:52,CANCELLED,CENTRAL
1141,374,2024-09-18 10:56:02,RETURNED,CENTRAL
1142,329,2023-05-01 08:31:09,PLACED,SOUTH
1143,144,2025-05-25 14:45:33,RETURNED,CENTRAL
1144,331,2024-05-27 21:15:50,RETURNED,CENTRAL
1145,142,2025-01-05 09:53:10,PLACED,SOUTH
1146,111,2023-08-16 13:36:17,CANCELLED,NORTH
1147,166,2023-03-23 01:45:14,CANCELLED,WEST
1148,341,2024-04-15 00:11:30,PLACED,SOUTH
1149,287,2024-08-21 21:35:41,DELIVERED,EAST
1150,430,04-04-2025 09:23:23,RETURNED,SOUTH
1151,490,2024-03-07 10:46:37,CANCELLED,CENTRAL
1152,227,2024-01-25 04:46:20,RETURNED,WEST
1153,334,2023-02-09 07:05:11,CANCELLED,EAST
1154,373,2025-05-19 14:38:01,SHIPPED,WEST
1155,192,2023-01-17 13:53:48,DELIVERED,CENTRAL
1156,,2024-04-27 04:12:14,DELIVERED,EAST
1157,258,29-02-2024 03:12:55,DELIVERED,WEST
1158,,2024-01-29 01:56:19,PLACED,CENTRAL
1159,,2025-01-01 09:02:32,CANCELLED,WEST
1160,89,2025-04-27 12:58:12,PLACED,EAST
1161,15,2023-08-26 23:24:08,SHIPPED,SOUTH
1162,43,05-07-2023 12:33:09,PLACED,EAST
1163,50,2024-03-07 01:08:08,SHIPPED,CENTRAL
1164,,2024-05-06 15:14:24,SHIPPED,CENTRAL
1165,370,13-03-2025 02:34:02,CANCELLED,WEST
1166,429,06-04-2023 12:16:03,RETURNED,SOUTH
1167,374,2023-09-26 02:26:37,DELIVERED,CENTRAL
1168,102,2024-09-27 18:00:08,PLACED,EAST
1169,141,2023-07-02 20:43:02,RETURNED,NORTH
1170,290,2023-05-17 22:54:57,PLACED,SOUTH
1171,374,2024-05-08 05:18:21,PLACED,SOUTH
1172,,2024-08-04 19:28:26,SHIPPED,EAST
1173,429,2023-10-24 20:12:16,SHIPPED,EAST
1174,28,2024-03-21 22:59:23,SHIPPED,CENTRAL
1175,162,2023-10-20 10:17:35,SHIPPED,SOUTH
1176,152,2024-11-13 21:24:48,CANCELLED,EAST
1177,297,2025-03-23 12:26:47,SHIPPED,NORTH
1178,487,2024-08-22 03:13:06,RETURNED,SOUTH
1179,360,2024-03-24 11:06:22,RETURNED,CENTRAL
1180,425,22-02-2024 19:11:13,SHIPPED,EAST
1181,112,2023-02-18 20:28:05,RETURNED,SOUTH
1182,244,2024-05-16 17:58:32,CANCELLED,CENTRAL
1183,,2023-06-12 12:15:14,PLACED,SOUTH
1184,216,2024-06-07 00:02:09,PLACED,SOUTH
1185,468,2023-09-10 19:35:50,SHIPPED,NORTH
1186,225,2024-12-10 01:31:41,CANCELLED,WEST
1187,243,2024-01-28 08:40:11,RETURNED,EAST
1188,248,11-04-2024 07:16:18,SHIPPED,CENTRAL
1189,56,2024-02-23 10:30:18,CANCELLED,CENTRAL
1190,15,2023-09-16 11:16:20,RETURNED,CENTRAL
1191,102,2025-06-01 08:08:15,SHIPPED,EAST
1192,404,2023-05-21 10:18:21,SHIPPED,EAST
1193,235,16-12-2024 11:57:18,SHIPPED,SOUTH
1194,453,22-04-2024 17:25:42,SHIPPED,SOUTH
1195,224,2024-01-16 04:17:23,RETURNED,EAST
1196,3,19-06-2024 11:47:23,RETURNED,WEST
1197,358,2025-01-03 16:50:31,CANCELLED,SOUTH
1198,391,2024-08-25 01:48:10,SHIPPED,WEST
1199,396,2024-03-15 22:15:35,CANCELLED,CENTRAL
1200,202,2024-06-22 20:08:45,RETURNED,NORTH
