customer_id,customer_name,email,registration_date,customer_type
1,Sneha Sharma,sneha.sharma1@example.com,2024-01-16 10:13:48,REGULAR
2,Vikram Gupta,vikram.gupta2@example.com,2025-04-27 04:44:17,REGULAR
3,Kavya Verma,kavya.verma3@example.com,2023-12-06 15:24:52,REGULAR
4,Amit Iyer,amit.iyer4@example.com,2025-04-26 12:53:27,PREMIUM
5,Neha Bose,neha.bose5@example.com,2023-01-11 02:17:28,REGULAR
6,Kavya Kapoor,kavya.kapoor6@example.com,2023-12-01 11:28:43,PREMIUM
7,Sneha Patel,sneha.patel7@example.com,2024-07-11 15:43:16,PREMIUM
8,Rohan Verma,rohan.verma8@example.com,2025-04-13 00:01:56,REGULAR
9,Manish Patel,manish.patel9@example.com,2024-07-15 18:43:51,VIP
10,Karan Patel,karan.patel10@example.com,2023-12-21 00:39:48,PREMIUM
11,Rahul Singh,rahul.singh11@example.com,2024-08-13 12:07:58,PREMIUM
12,Suresh Das,suresh.das12@example.com,2024-07-05 21:27:06,REGULAR
13,Rohan Patel,rohan.patel13@example.com,2023-09-23 20:30:40,VIP
14,Neha Reddy,neha.reddy14@example.com,2024-02-24 08:23:03,VIP
15,Neha Kapoor,neha.kapoor15@example.com,2023-03-28 21:31:04,REGULAR
16,Priya Kapoor,priya.kapoor16@example.com,2023-04-13 19:41:24,REGULAR
17,Arjun Iyer,arjun.iyer17@example.com,2024-09-06 14:13:34,VIP
18,Suresh Nair,suresh.nair18@example.com,2024-01-19 02:56:23,VIP
19,Rohan Rao,rohan.rao19@example.com,2024-09-12 10:43:48,PREMIUM
20,Neha Nair,neha.nair20@example.com,2023-05-22 05:20:54,REGULAR
21,Sneha Nair,sneha.nair21@example.com,2024-10-17 19:15:51,VIP
22,Rahul Chawla,rahul.chawla22@example.com,2024-12-28 02:09:52,VIP
23,Rohan Sharma,rohan.sharma23@example.com,2023-06-27 22:47:54,VIP
24,Rohan Kapoor,rohan.kapoor24@example.com,2024-11-06 09:13:24,REGULAR
25,Suresh Sharma,suresh.sharma25@example.com,2024-02-14 03:51:19,VIP
26,Anjali Gupta,anjali.gupta26@example.com,2024-04-08 14:49:41,VIP
27,Karan Nair,karan.nair27@example.com,2023-09-08 22:59:04,VIP
28,Amit Kapoor,amit.kapoor28@example.com,2023-06-23 18:43:51,PREMIUM
29,Pooja Singh,pooja.singh29@example.com,2025-05-31 08:35:59,REGULAR
30,Rahul Malhotra,rahul.malhotra30@example.com,2025-04-07 12:43:31,REGULAR
31,Vikram Malhotra,vikram.malhotra31@example.com,2023-09-14 12:22:45,PREMIUM
32,Kavya Iyer,kavya.iyer32@example.com,2023-11-09 11:27:18,VIP
33,Pooja Chawla,pooja.chawla33@example.com,2024-08-03 02:07:31,PREMIUM
34,Suresh Gupta,suresh.gupta34@example.com,2023-04-10 11:03:30,PREMIUM
35,Amit Singh,amit.singh35@example.com,2023-01-12 04:05:38,REGULAR
36,Priya Singh,priya.singh36@example.com,2023-02-18 19:09:35,PREMIUM
37,Rahul Singh,rahul.singh37@example.com,2025-01-24 01:33:51,REGULAR
38,Vikram Malhotra,vikram.malhotra38@example.com,2025-01-04 17:42:33,PREMIUM
39,Karan Gupta,karan.gupta39@example.com,2024-10-31 14:45:10,PREMIUM
40,Kavya Rao,kavya.rao40@example.com,2023-03-26 03:38:53,VIP
41,Sneha Verma,sneha.verma41@example.com,2024-06-11 02:07:04,REGULAR
42,Neha Iyer,neha.iyer42@example.com,2024-11-27 21:31:31,REGULAR
43,Kavya Reddy,kavya.reddy43@example.com,2024-01-24 01:27:33,REGULAR
44,Suresh Gupta,suresh.gupta44@example.com,2025-04-19 18:34:44,REGULAR
45,Rahul Singh,rahul.singh45@example.com,2025-01-24 10:00:48,PREMIUM
46,Karan Chawla,karan.chawla46@example.com,2023-09-13 18:07:00,PREMIUM
47,Amit Chawla,amit.chawla47@example.com,2024-12-07 19:56:29,PREMIUM
48,Kavya Malhotra,kavya.malhotra48@example.com,2024-04-05 22:04:10,REGULAR
49,Priya Verma,priya.verma49@example.com,2023-03-30 19:16:33,REGULAR
50,Isha Reddy,isha.reddy50@example.com,2025-02-27 21:13:07,REGULAR
51,Anjali Patel,anjali.patel51@example.com,2024-01-01 09:02:12,PREMIUM
52,Sneha Singh,sneha.singh52@example.com,2023-03-03 17:40:35,VIP
53,Rahul Rao,rahul.rao53@example.com,2025-05-28 01:11:13,VIP
54,Arjun Mehta,arjun.mehta54@example.com,2024-05-03 01:37:24,REGULAR
55,Rohan Chawla,rohan.chawla55@example.com,2024-04-11 00:42:06,PREMIUM
56,Arjun Patel,arjun@,2025-05-24 13:55:27,REGULAR
57,Rahul Iyer,rahul.iyer57@example.com,2023-07-25 18:20:19,PREMIUM
58,Rahul Singh,rahul.singh58@example.com,2023-09-03 01:13:41,PREMIUM
59,Pooja Sharma,pooja.sharma59@example.com,2025-05-11 13:04:18,PREMIUM
60,Sneha Nair,sneha.nair60@example.com,2023-06-16 06:35:25,VIP
61,Vikram Mehta,vikram.mehta61@example.com,2023-11-24 04:50:33,VIP
62,Arjun Iyer,arjun.iyer62@example.com,2024-02-15 02:01:59,VIP
63,Isha Mehta,isha.mehta63@example.com,2023-03-20 21:55:12,REGULAR
64,Kavya Mehta,kavya.mehta64@example.com,2024-06-02 03:53:20,REGULAR
65,Rohan Reddy,rohan.reddy65@example.com,2025-05-07 00:08:12,VIP
66,Kavya Sharma,kavya.sharma66@example.com,2023-08-20 13:08:47,VIP
67,Priya Das,priya.das67@example.com,2023-08-19 01:20:11,PREMIUM
68,Vikram Verma,vikram.verma68@example.com,2023-03-03 23:23:19,PREMIUM
69,Karan Singh,karan.singh69@example.com,2024-07-03 10:05:42,VIP
70,Kavya Nair,kavya.nair70@example.com,2024-01-03 18:12:26,REGULAR
71,Anjali Rao,anjali.rao71@example.com,2024-05-31 00:46:18,PREMIUM
72,Neha Mehta,neha.mehta72@example.com,2023-06-17 22:05:49,PREMIUM
73,Priya Malhotra,priya.malhotra73@example.com,2024-12-16 01:20:54,PREMIUM
74,Pooja Singh,pooja.singh74@example.com,2023-10-28 00:24:01,PREMIUM
75,Arjun Mehta,arjun.mehta75@example.com,2024-03-09 14:32:02,PREMIUM
76,Manish Kapoor,manish.kapoor76@example.com,2023-06-29 04:15:07,PREMIUM
77,Anjali Mehta,anjali.mehta77@example.com,2024-11-06 01:42:40,PREMIUM
78,Arjun Rao,arjun.rao78@example.com,2025-03-05 11:14:01,REGULAR
79,Manish Iyer,manish.iyer79@example.com,2024-11-08 09:24:09,REGULAR
80,Karan Das,karan.das80@example.com,2024-05-27 22:44:58,VIP
81,Arjun Gupta,arjun.gupta81@example.com,2024-04-11 12:49:32,VIP
82,Pooja Rao,pooja.rao82@example.com,2024-04-04 06:49:29,VIP
83,Vikram Iyer,vikram.iyer83@example.com,2024-08-11 23:33:37,VIP
84,Anjali Joshi,anjali.joshi84@example.com,2023-01-01 15:08:04,PREMIUM
85,Pooja Iyer,pooja.iyer85@example.com,2025-06-19 23:23:59,VIP
86,Arjun Bose,arjun.bose86@example.com,2023-11-28 23:21:56,VIP
87,Isha Reddy,isha.reddy87@example.com,2024-03-16 20:19:26,VIP
88,Arjun Patel,arjun.patel88@example.com,2023-12-31 20:32:09,VIP
89,Pooja Singh,pooja.singh89@example.com,2023-08-17 21:45:14,REGULAR
90,Priya Singh,priya.singh90@example.com,2023-04-24 03:13:59,PREMIUM
91,Kavya Iyer,kavya.iyer91@example.com,2024-08-19 11:45:17,PREMIUM
92,Manish Singh,manish.singh92@example.com,2023-01-09 14:43:32,REGULAR
93,Kavya Singh,kavya.singh93@example.com,2025-03-15 14:51:52,PREMIUM
94,Priya Singh,priya.singh94@example.com,2023-07-08 12:34:35,PREMIUM
95,Vikram Bose,vikram.bose95@example.com,2025-05-18 06:14:42,VIP
96,Arjun Bose,arjun.bose96@example.com,2025-02-23 03:29:38,PREMIUM
97,Suresh Reddy,suresh.reddy97@example.com,2025-01-07 09:08:44,PREMIUM
98,Rohan Singh,rohan.singh98@example.com,2024-03-06 18:54:59,VIP
99,Isha Singh,isha.singh99@example.com,2023-05-01 08:47:19,VIP
100,Pooja Singh,pooja.singh100@example.com,2024-05-11 15:38:11,VIP
101,Rahul Nair,rahul.nair101@example.com,2024-08-18 00:35:26,VIP
102,Vikram Iyer,vikram.iyer102@example.com,2024-09-25 04:24:21,PREMIUM
103,Suresh Rao,suresh.rao103@example.com,2024-10-14 16:05:08,PREMIUM
104,Amit Chawla,amit.chawla104@example.com,2024-06-30 10:31:07,PREMIUM
105,Manish Rao,manish.rao105@example.com,2025-04-28 09:17:17,VIP
106,Neha Malhotra,neha.malhotra106@example.com,2024-11-08 01:08:34,PREMIUM
107,Amit Chawla,amit.chawla107@example.com,2024-09-20 02:01:04,VIP
108,Anjali Bose,anjali.bose108@example.com,2025-04-09 17:34:20,REGULAR
109,Manish Sharma,manish.sharma109@example.com,2024-10-27 19:50:32,REGULAR
110,Suresh Reddy,suresh.reddy110@example.com,2024-08-11 22:00:59,PREMIUM
111,Karan Bose,karan.bose111@example.com,2024-08-11 22:50:59,PREMIUM
112,Kavya Mehta,kavya.mehta112@example.com,2024-12-31 14:18:35,REGULAR
113,Priya Das,priya.das113@example.com,2023-04-17 14:16:41,VIP
114,Priya Sharma,priya.sharma114@example.com,2023-11-06 16:42:17,REGULAR
115,Vikram Singh,vikram.singh115@example.com,2023-06-27 16:44:51,VIP
116,Karan Bose,karan.bose116@example.com,2024-07-27 01:24:32,REGULAR
117,Sneha Reddy,sneha.reddy117@example.com,2023-06-17 22:12:48,VIP
118,Amit Joshi,amit.joshi118@example.com,2024-08-06 00:27:27,PREMIUM
119,Karan Patel,karan.patel119@example.com,2024-01-13 06:04:52,REGULAR
120,Pooja Gupta,pooja.gupta120@example.com,2025-05-29 03:29:41,REGULAR
121,Divya Rao,divya.rao121@example.com,2023-04-18 02:53:36,VIP
122,Arjun Sharma,arjun.sharma122@example.com,2025-01-31 12:02:39,REGULAR
123,Kavya Das,kavya.das123@example.com,2024-12-15 04:19:30,VIP
124,Vikram Rao,vikram.rao124@example.com,2025-03-21 12:07:42,VIP
125,Rohan Malhotra,rohan.malhotra125@example.com,2024-02-21 22:30:39,PREMIUM
126,Neha Patel,neha.patel126@example.com,2024-12-01 07:07:00,REGULAR
127,Suresh Chawla,suresh.chawla127@example.com,2025-02-06 21:04:55,PREMIUM
128,Anjali Malhotra,anjali.malhotra128@example.com,2024-02-06 08:04:33,PREMIUM
129,Rohan Mehta,rohan.mehta129@example.com,2025-03-13 13:15:35,REGULAR
130,Rahul Singh,rahul.singh130@example.com,2025-01-28 23:30:08,VIP
131,Neha Malhotra,neha.malhotra131@example.com,2025-02-01 11:08:44,PREMIUM
132,Amit Patel,amit.patel132@example.com,2024-09-20 05:10:00,VIP
133,Neha Joshi,neha.joshi133@example.com,2024-07-27 06:04:46,PREMIUM
134,Divya Rao,divya.rao134@example.com,2025-05-04 23:58:10,PREMIUM
135,Divya Bose,divya.bose135@example.com,2024-01-26 13:00:30,REGULAR
136,Sneha Iyer,sneha.iyer136@example.com,2025-04-12 10:27:23,VIP
137,Anjali Iyer,anjali.iyer137@example.com,2025-01-22 04:13:54,PREMIUM
138,Pooja Gupta,pooja.gupta138@example.com,2024-04-05 04:52:07,REGULAR
139,Divya Reddy,divya.reddy139@example.com,2025-04-09 17:59:58,REGULAR
140,Rohan Verma,rohan.verma140@example.com,2025-05-09 14:43:03,PREMIUM
141,Vikram Malhotra,vikram.malhotra141@example.com,2023-01-20 01:17:14,VIP
142,Pooja Malhotra,pooja.malhotra142@example.com,2024-06-13 06:26:16,REGULAR
143,Priya Mehta,priya.mehta143@example.com,2025-01-12 03:02:06,REGULAR
144,Rahul Chawla,rahul.chawla144@example.com,2025-06-15 08:54:28,VIP
145,Priya Nair,priya.nair145@example.com,2025-05-24 08:10:51,PREMIUM
146,Rahul Singh,rahul.singh146@example.com,2024-10-08 12:05:31,VIP
147,Neha Chawla,neha.chawla147@example.com,2024-11-18 17:50:07,PREMIUM
148,Kavya Joshi,kavya.joshi148@example.com,2023-04-04 13:32:54,VIP
149,Sneha Iyer,sneha.iyer149@example.com,2024-02-16 02:43:21,VIP
150,Rahul Reddy,rahul.reddy150@example.com,2025-05-07 11:45:45,REGULAR
151,Anjali Sharma,anjali.sharma151@example.com,2024-12-30 23:36:25,PREMIUM
152,Priya Singh,priya.singh152@example.com,2024-03-15 04:30:17,VIP
153,Suresh Patel,suresh.patel153@example.com,2024-02-15 23:18:40,VIP
154,Karan Rao,karan.rao154@example.com,2023-12-16 05:30:13,VIP
155,Vikram Mehta,vikram.mehta155@example.com,2023-04-21 22:21:06,REGULAR
156,Anjali Joshi,anjali.joshi156@example.com,2025-06-03 05:34:36,PREMIUM
157,Suresh Gupta,suresh.gupta157@example.com,2024-04-17 09:20:28,VIP
158,Manish Mehta,manish.mehta158@example.com,2025-02-06 02:01:12,PREMIUM
159,Rahul Verma,rahul.verma159@example.com,2024-05-15 17:01:10,VIP
160,Rohan Sharma,rohan.sharma160@example.com,2025-06-12 12:58:37,VIP
161,Amit Mehta,amit.mehta161@example.com,2023-09-30 03:35:01,PREMIUM
162,Suresh Mehta,suresh.mehta162@example.com,2025-06-28 06:40:12,PREMIUM
163,Isha Patel,isha.patel163@example.com,2024-09-26 08:19:13,PREMIUM
164,Arjun Gupta,arjun.gupta164@example.com,2024-05-27 07:58:18,PREMIUM
165,Isha Joshi,isha.joshi165@example.com,2024-09-14 01:56:31,VIP
166,Priya Bose,priya.bose166@example.com,2024-01-28 02:06:40,PREMIUM
167,Sneha Chawla,sneha.chawla167@example.com,2023-01-02 18:54:53,VIP
168,Suresh Rao,suresh.rao168@example.com,2025-03-16 08:49:17,PREMIUM
169,Isha Bose,isha.bose169@example.com,2023-11-13 05:12:04,PREMIUM
170,Vikram Joshi,vikram.joshi170@example.com,2025-01-22 23:21:56,REGULAR
171,Amit Singh,amit.singh171@example.com,2024-04-27 17:36:17,VIP
172,Amit Rao,amit.rao172@example.com,2023-06-26 06:08:13,PREMIUM
173,Sneha Nair,sneha.nair173@example.com,2024-03-29 09:23:15,VIP
174,Rohan Rao,rohan.rao174@example.com,2025-01-03 13:37:46,REGULAR
175,Suresh Nair,suresh.nair175@example.com,2025-02-28 12:35:37,VIP
176,Vikram Patel,vikram.patel176@example.com,2024-10-06 14:10:29,PREMIUM
177,Rohan Sharma,rohan.sharma177@example.com,2024-04-08 18:58:07,VIP
178,Isha Nair,isha.nair178@example.com,2025-01-22 09:33:20,PREMIUM
179,Arjun Chawla,arjun.chawla179@example.com,2024-05-14 20:43:44,REGULAR
180,Neha Chawla,neha.chawla180@example.com,2024-09-30 02:48:20,REGULAR
181,Arjun Malhotra,arjun.malhotra181@example.com,2024-08-15 05:19:38,PREMIUM
182,Vikram Malhotra,vikram.malhotra182@example.com,2023-07-16 02:48:07,VIP
183,Arjun Gupta,arjun.gupta183@example.com,2024-11-14 23:48:19,REGULAR
184,Suresh Sharma,suresh.sharma184@example.com,2024-09-28 21:06:38,VIP
185,Vikram Patel,vikram.patel185@example.com,2024-02-16 16:45:55,PREMIUM
186,Manish Patel,manish.patel186@example.com,2025-04-08 22:52:54,PREMIUM
187,Arjun Malhotra,arjun.malhotra187@example.com,2023-02-25 18:24:55,VIP
188,Rahul Singh,rahul.singh188@example.com,2024-03-22 10:15:56,REGULAR
189,Rahul Rao,rahul.rao189@example.com,2023-06-06 03:10:53,PREMIUM
190,Anjali Joshi,anjali.joshi190@example.com,2023-03-13 10:40:03,PREMIUM
191,Priya Joshi,priya.joshi191@example.com,2024-10-31 01:10:02,REGULAR
192,Neha Rao,neha.rao192@example.com,2023-10-07 17:00:26,REGULAR
193,Anjali Patel,anjali.patel193@example.com,2024-08-17 06:17:06,VIP
194,Neha Malhotra,neha.malhotra194@example.com,2023-08-11 07:48:55,REGULAR
195,Suresh Mehta,suresh.mehta195@example.com,2023-01-15 14:21:41,PREMIUM
196,Pooja Reddy,pooja.reddy196@example.com,2024-06-20 19:37:12,VIP
197,Pooja Rao,pooja.rao197@example.com,2024-12-10 16:04:24,PREMIUM
198,Karan Chawla,karan.chawla198@example.com,2023-06-15 16:19:19,REGULAR
199,Manish Das,manish.das199@example.com,2024-04-03 15:00:01,REGULAR
200,Manish Mehta,manish@,2023-03-18 04:30:07,VIP
201,Isha Joshi,isha.joshi201@example.com,2023-12-24 11:26:07,VIP
202,Divya Singh,divya.singh202@example.com,2024-01-25 08:02:39,VIP
203,Vikram Gupta,vikram.gupta203@example.com,2023-03-03 05:46:48,PREMIUM
204,Suresh Verma,suresh.verma204@example.com,2023-07-24 03:23:14,REGULAR
205,Pooja Kapoor,pooja.kapoor205@example.com,2023-09-30 20:20:11,REGULAR
206,Vikram Das,vikram.das206@example.com,2024-02-28 08:33:21,REGULAR
207,Rohan Malhotra,rohan.malhotra207@example.com,2024-04-03 11:40:14,VIP
208,Arjun Gupta,arjun.gupta208@example.com,2023-04-27 23:21:49,REGULAR
209,Neha Chawla,neha.chawla209@example.com,2025-05-15 18:07:13,PREMIUM
210,Rahul Chawla,rahul@,2024-12-07 11:39:07,PREMIUM
211,Rohan Chawla,rohan.chawla211@example.com,2024-07-31 01:32:28,REGULAR
212,Neha Malhotra,neha.malhotra212@example.com,2025-05-22 02:47:03,PREMIUM
213,Neha Patel,neha.patel213@example.com,2024-12-22 05:08:53,VIP
214,Pooja Rao,pooja.rao214@example.com,2023-03-12 10:39:05,REGULAR
215,Pooja Malhotra,pooja.malhotra215@example.com,2023-12-31 17:58:46,VIP
216,Vikram Chawla,vikram.chawla216@example.com,2025-04-19 03:50:09,PREMIUM
217,Vikram Rao,vikram.rao217@example.com,2025-01-30 04:10:47,VIP
218,Kavya Mehta,kavya.mehta218@example.com,2024-07-29 14:21:29,REGULAR
219,Suresh Bose,suresh.bose219@example.com,2024-07-17 09:54:56,REGULAR
220,Divya Das,divya.das220@example.com,2024-03-04 13:36:20,REGULAR
221,Sneha Bose,sneha.bose221@example.com,2023-11-26 11:52:40,VIP
222,Amit Verma,amit.verma222@example.com,2024-01-14 08:54:23,REGULAR
223,Karan Patel,karan.patel223@example.com,2025-05-10 22:21:50,REGULAR
224,Karan Singh,karan.singh224@example.com,2023-08-18 05:13:06,VIP
225,Amit Mehta,amit.mehta225@example.com,2023-08-13 18:21:31,REGULAR
226,Rohan Reddy,rohan.reddy226@example.com,2023-02-10 01:09:13,REGULAR
227,Amit Das,amit.das227@example.com,2024-01-05 14:43:59,VIP
228,Arjun Sharma,arjun.sharma228@example.com,2023-03-23 09:34:37,REGULAR
229,Kavya Gupta,kavya.gupta229@example.com,2025-01-09 19:44:11,PREMIUM
230,Divya Gupta,divya.gupta230@example.com,2023-12-11 03:58:24,VIP
231,Priya Joshi,priya.joshi231@example.com,2023-02-18 09:22:48,REGULAR
232,Isha Chawla,isha.chawla232@example.com,2023-06-17 17:06:31,PREMIUM
233,Suresh Patel,suresh.patel233@example.com,2024-05-15 09:11:56,VIP
234,Vikram Patel,vikram.patel234@example.com,2025-06-28 07:58:38,VIP
235,Arjun Chawla,arjun.chawla235@example.com,2025-04-04 04:35:33,PREMIUM
236,Suresh Rao,suresh.rao236@example.com,2023-06-27 17:39:56,VIP
237,Karan Rao,karan.rao237@example.com,2023-12-21 22:51:28,PREMIUM
238,Arjun Bose,arjun.bose238@example.com,2023-05-28 17:03:25,PREMIUM
239,Kavya Kapoor,kavya.kapoor239@example.com,2024-08-04 10:57:12,REGULAR
240,Isha Patel,isha.patel240@example.com,2023-05-13 14:36:50,REGULAR
241,Kavya Gupta,kavya.gupta241@example.com,2024-08-01 21:16:54,REGULAR
242,Priya Kapoor,priya.kapoor242@example.com,2024-09-30 04:03:21,PREMIUM
243,Kavya Verma,kavya.verma243@example.com,2024-04-30 08:56:21,PREMIUM
244,Sneha Iyer,sneha.iyer244@example.com,2025-01-19 01:19:25,REGULAR
245,Sneha Das,sneha.das245@example.com,2024-07-24 23:40:09,REGULAR
246,Rohan Singh,rohan.singh246@example.com,2025-05-21 10:19:01,VIP
247,Amit Mehta,amit.mehta247@example.com,2024-02-29 12:15:30,VIP
248,Pooja Kapoor,pooja.kapoor248@example.com,2023-10-09 19:17:21,REGULAR
249,Manish Patel,manish.patel249@example.com,2023-02-17 14:58:46,REGULAR
250,Karan Chawla,karan.chawla250@example.com,2024-06-13 13:31:24,REGULAR
251,Divya Joshi,divya.joshi251@example.com,2025-05-31 17:25:17,VIP
252,Rahul Verma,rahul.verma252@example.com,2023-03-19 07:16:48,VIP
253,Rahul Mehta,rahul.mehta253@example.com,2024-10-20 16:24:59,PREMIUM
254,Suresh Rao,suresh.rao254@example.com,2025-03-06 21:39:17,REGULAR
255,Divya Rao,divya.rao255@example.com,2025-01-25 22:59:02,VIP
256,Pooja Verma,pooja.verma256@example.com,2023-03-27 02:25:10,REGULAR
257,Karan Joshi,karan.joshi257@example.com,2023-08-02 04:29:03,PREMIUM
258,Pooja Kapoor,pooja.kapoor258@example.com,2025-02-11 15:52:08,VIP
259,Kavya Reddy,kavya.reddy259@example.com,2025-04-07 08:06:32,VIP
260,Neha Das,neha.das260@example.com,2023-03-07 17:08:33,PREMIUM
261,Amit Bose,amit.bose261@example.com,2024-05-01 07:44:46,VIP
262,Kavya Chawla,kavya.chawla262@example.com,2024-10-10 20:45:34,PREMIUM
263,Sneha Chawla,sneha.chawla263@example.com,2024-05-19 12:14:07,REGULAR
264,Suresh Das,suresh.das264@example.com,2023-06-14 10:51:49,REGULAR
265,Kavya Chawla,kavya.chawla265@example.com,2024-09-06 19:15:06,PREMIUM
266,Arjun Singh,arjun.singh266@example.com,2023-09-19 04:26:30,REGULAR
267,Sneha Iyer,sneha.iyer267@example.com,2024-06-26 17:39:14,PREMIUM
268,Vikram Singh,vikram.singh268@example.com,2024-02-02 15:11:13,REGULAR
269,Anjali Nair,anjali.nair269@example.com,2023-04-28 01:22:25,REGULAR
270,Isha Bose,isha.bose270@example.com,2025-06-19 04:08:10,PREMIUM
271,Arjun Kapoor,arjun.kapoor271@example.com,2023-04-17 01:53:46,PREMIUM
272,Suresh Joshi,suresh.joshi272@example.com,2023-03-29 06:14:54,PREMIUM
273,Rahul Joshi,rahul.joshi273@example.com,2023-02-28 10:05:59,REGULAR
274,Divya Joshi,divya.joshi274@example.com,2023-05-21 06:29:51,VIP
275,Manish Bose,manish.bose275@example.com,2023-03-05 17:26:15,PREMIUM
276,Karan Kapoor,karan.kapoor276@example.com,2025-02-17 20:19:40,REGULAR
277,Priya Bose,priya.bose277@example.com,2024-06-17 12:17:17,VIP
278,Rahul Reddy,rahul.reddy278@example.com,2024-11-11 00:48:40,PREMIUM
279,Anjali Das,anjali.das279@example.com,2024-03-15 11:02:13,PREMIUM
280,Kavya Kapoor,kavya.kapoor280@example.com,2023-03-23 08:19:40,VIP
281,Arjun Patel,arjun.patel281@example.com,2025-05-16 18:22:34,VIP
282,Manish Joshi,manish.joshi282@example.com,2023-08-22 14:19:26,PREMIUM
283,Rahul Nair,rahul.nair283@example.com,2024-04-26 22:16:38,VIP
284,Manish Nair,manish.nair284@example.com,2023-05-12 14:33:13,PREMIUM
285,Manish Kapoor,manish.kapoor285@example.com,2025-03-28 17:21:58,REGULAR
286,Kavya Das,kavya.das286example.com,2023-11-29 17:40:52,PREMIUM
287,Isha Iyer,isha.iyer287@example.com,2023-08-02 16:48:29,REGULAR
288,Rahul Joshi,rahul.joshi288@example.com,2023-06-07 02:48:03,VIP
289,Priya Kapoor,priya.kapoor289@example.com,2023-07-23 13:51:44,VIP
290,Manish Nair,manish.nair290@example.com,2023-09-15 03:44:50,VIP
291,Suresh Verma,suresh.verma291@example.com,2024-01-04 23:46:03,PREMIUM
292,Pooja Bose,pooja.bose292@example.com,2024-01-07 12:50:52,PREMIUM
293,Isha Iyer,isha.iyer293@example.com,2025-06-05 02:46:34,PREMIUM
294,Suresh Joshi,suresh.joshi294@example.com,2025-02-20 05:43:13,VIP
295,Kavya Reddy,kavya.reddy295@example.com,2023-08-03 23:52:16,PREMIUM
296,Priya Malhotra,priya.malhotra296@example.com,2025-05-11 10:46:38,REGULAR
297,Sneha Joshi,sneha.joshi297@example.com,2023-09-07 00:52:37,PREMIUM
298,Suresh Nair,suresh.nair298@example.com,2023-05-23 11:19:46,REGULAR
299,Suresh Das,suresh.das299@example.com,2024-10-06 12:28:40,REGULAR
300,Manish Das,manish.das300@example.com,2023-05-07 18:28:16,PREMIUM
301,Neha Sharma,neha.sharma301@example.com,2023-06-03 22:05:11,VIP
302,Arjun Nair,arjun.nair302@example.com,2024-03-21 15:38:20,PREMIUM
303,Vikram Malhotra,vikram.malhotra303@example.com,2023-01-09 03:46:43,REGULAR
304,Amit Mehta,amit.mehta304@example.com,2023-08-21 06:29:43,VIP
305,Kavya Gupta,kavya.gupta305@example.com,2024-01-05 03:52:11,PREMIUM
306,Sneha Verma,sneha.verma306@example.com,2024-12-11 02:25:51,REGULAR
307,Sneha Malhotra,sneha.malhotra307@example.com,2023-01-26 12:45:15,VIP
308,Neha Nair,neha.nair308@example.com,2023-01-03 10:19:21,VIP
309,Divya Singh,divya.singh309@example.com,2023-10-18 23:34:07,VIP
310,Rahul Das,rahul.das310@example.com,2025-03-28 04:55:03,VIP
311,Amit Chawla,amit.chawla311@example.com,2023-03-09 15:04:51,VIP
312,Manish Das,manish.das312@example.com,2023-01-26 05:33:15,PREMIUM
313,Rahul Das,rahul.das313@example.com,2023-06-11 00:52:08,VIP
314,Arjun Nair,arjun.nair314@example.com,2025-04-28 04:52:04,PREMIUM
315,Anjali Bose,anjali.bose315@example.com,2025-01-13 08:56:06,VIP
316,Anjali Nair,anjali.nair316@example.com,2024-12-11 23:31:53,REGULAR
317,Pooja Iyer,pooja.iyer317@example.com,2023-11-06 20:46:27,REGULAR
318,Arjun Joshi,arjun.joshi318@example.com,2025-04-23 13:39:06,PREMIUM
319,Rohan Verma,rohan.verma319@example.com,2023-10-24 20:51:08,PREMIUM
320,Divya Verma,divya.verma320@example.com,2024-05-30 15:02:57,PREMIUM
321,Sneha Das,sneha.das321@example.com,2024-09-13 09:53:33,VIP
322,Suresh Chawla,suresh.chawla322@example.com,2023-10-18 05:03:02,PREMIUM
323,Isha Das,isha.das323@example.com,2025-03-17 16:00:25,PREMIUM
324,Rahul Rao,rahul.rao324@example.com,2023-10-08 07:54:19,VIP
325,Pooja Kapoor,pooja.kapoor325@example.com,2024-05-24 09:44:24,VIP
326,Pooja Joshi,pooja.joshi326@example.com,2024-10-23 22:45:31,REGULAR
327,Suresh Das,suresh.das327@example.com,2024-07-01 16:21:49,VIP
328,Kavya Mehta,kavya.mehta328@example.com,2023-03-31 02:27:49,REGULAR
329,Manish Das,manish.das329@example.com,2023-09-06 12:44:14,REGULAR
330,Vikram Bose,vikram.bose330@example.com,2023-04-15 10:38:29,REGULAR
331,Divya Das,divya.das331@example.com,2025-05-31 04:24:47,REGULAR
332,Vikram Bose,vikram.bose332@example.com,2024-07-31 21:39:50,PREMIUM
333,Rahul Nair,rahul.nair333@example.com,2024-09-10 07:47:05,PREMIUM
334,Rohan Singh,rohan.singh334@example.com,2023-02-10 06:07:09,VIP
335,Anjali Malhotra,anjali.malhotra335@example.com,2025-05-22 12:40:35,REGULAR
336,Rohan Mehta,rohan.mehta336@example.com,2023-11-30 07:45:54,VIP
337,Pooja Malhotra,pooja.malhotra337@example.com,2023-07-30 20:19:19,REGULAR
338,Suresh Reddy,suresh.reddy338@example.com,2024-11-22 10:56:52,REGULAR
339,Arjun Das,arjun.das339@example.com,2025-05-04 09:22:47,VIP
340,Pooja Joshi,pooja.joshi340@example.com,2023-09-28 10:34:59,PREMIUM
341,Neha Gupta,neha.gupta341@example.com,2023-08-04 17:42:18,REGULAR
342,Isha Sharma,isha.sharma342@example.com,2025-06-08 00:02:53,PREMIUM
343,Suresh Nair,suresh.nair343@example.com,2023-05-14 22:20:46,REGULAR
344,Pooja Chawla,pooja.chawla344@example.com,2025-01-13 13:55:43,VIP
345,Kavya Rao,kavya.rao345@example.com,2023-04-25 13:37:33,REGULAR
346,Arjun Patel,arjun.patel346@example.com,2025-03-14 16:34:45,PREMIUM
347,Vikram Reddy,vikram.reddy347@example.com,2023-07-20 10:41:50,PREMIUM
348,Priya Gupta,priya.gupta348@example.com,2024-04-17 10:35:05,REGULAR
349,Anjali Kapoor,anjali.kapoor349@example.com,2023-12-17 06:08:29,PREMIUM
350,Pooja Patel,pooja.patel350@example.com,2025-05-05 16:51:23,PREMIUM
351,Vikram Joshi,vikram.joshi351@example.com,2023-05-26 03:15:48,VIP
352,Anjali Nair,anjali.nair352@example.com,2024-06-08 11:22:13,VIP
353,Priya Sharma,priya.sharma353@example.com,2025-06-14 23:35:24,PREMIUM
354,Karan Rao,karan.rao354@example.com,2023-02-17 01:08:24,PREMIUM
355,Pooja Joshi,pooja.joshi355@example.com,2024-09-22 20:13:36,PREMIUM
356,Suresh Patel,suresh.patel356@example.com,2023-09-03 13:39:58,PREMIUM
357,Kavya Malhotra,kavya.malhotra357@example.com,2024-06-12 11:17:53,VIP
358,Vikram Kapoor,vikram.kapoor358@example.com,2024-05-11 00:58:40,VIP
359,Divya Chawla,divya.chawla359@example.com,2024-07-29 14:44:23,VIP
360,Sneha Kapoor,sneha.kapoor360@example.com,2023-07-10 07:56:52,PREMIUM
361,Suresh Singh,suresh.singh361@example.com,2023-03-20 14:42:07,PREMIUM
362,Manish Rao,manish.rao362@example.com,2023-09-06 02:02:05,PREMIUM
363,Arjun Iyer,arjun.iyer363@example.com,2025-02-13 00:41:08,VIP
364,Suresh Malhotra,suresh.malhotra364@example.com,2025-02-11 15:18:28,REGULAR
365,Rahul Chawla,rahul.chawla365@example.com,2024-01-09 23:00:51,REGULAR
366,Divya Verma,divya.verma366@example.com,2025-02-07 18:59:35,VIP
367,Isha Joshi,isha.joshi367@example.com,2023-06-16 23:46:54,PREMIUM
368,Vikram Mehta,vikram.mehta368@example.com,2024-09-18 10:24:05,PREMIUM
369,Priya Chawla,priya.chawla369@example.com,2025-05-22 18:03:03,REGULAR
370,Divya Joshi,divya.joshi370@example.com,2025-02-22 08:00:31,PREMIUM
371,Rohan Gupta,rohan.gupta371@example.com,2023-05-31 04:32:49,PREMIUM
372,Divya Kapoor,divya.kapoor372@example.com,2024-07-21 22:47:36,REGULAR
373,Karan Chawla,karan.chawla373@example.com,2023-03-12 09:01:53,REGULAR
374,Vikram Kapoor,vikram.kapoor374@example.com,2025-03-17 18:07:36,PREMIUM
375,Vikram Nair,vikram.nair375@example.com,2024-05-09 19:39:37,REGULAR
376,Manish Joshi,manish.joshi376@example.com,2025-02-27 02:04:24,VIP
377,Isha Joshi,isha.joshi377@example.com,2023-01-26 20:16:14,PREMIUM
378,Arjun Gupta,arjun.gupta378@example.com,2025-06-25 17:59:35,PREMIUM
379,Amit Malhotra,amit.malhotra379@example.com,2025-06-17 15:05:10,VIP
380,Neha Verma,neha.verma380@example.com,2023-09-22 21:09:01,VIP
381,Manish Nair,manish.nair381@example.com,2024-01-12 05:44:32,REGULAR
382,Sneha Iyer,sneha.iyer382example.com,2023-08-24 05:45:59,PREMIUM
383,Karan Rao,karan.rao383@example.com,2025-01-02 14:43:33,VIP
384,Priya Nair,priya.nair384@example.com,2025-05-21 07:22:28,PREMIUM
385,Isha Chawla,isha.chawla385@example.com,2023-09-27 00:42:31,PREMIUM
386,Arjun Das,arjun.das386@example.com,2024-02-15 16:08:11,VIP
387,Isha Iyer,isha.iyer387@example.com,2024-03-09 10:06:44,VIP
388,Pooja Singh,pooja.singh388@example.com,2024-04-07 07:52:30,PREMIUM
389,Karan Malhotra,karan.malhotra389@example.com,2024-06-25 20:19:29,VIP
390,Rohan Joshi,rohan.joshi390@example.com,2025-04-23 19:37:25,PREMIUM
391,Manish Das,manish.das391@example.com,2023-08-16 13:01:32,PREMIUM
392,Priya Joshi,priya.joshi392@example.com,2023-05-03 18:25:51,PREMIUM
393,Suresh Mehta,suresh.mehta393@example.com,2023-11-29 10:00:23,REGULAR
394,Rohan Mehta,rohan.mehta394@example.com,2024-01-07 17:04:55,REGULAR
395,Priya Singh,priya.singh395@example.com,2023-03-23 13:00:37,REGULAR
396,Kavya Kapoor,kavya.kapoor396@example.com,2023-06-06 04:35:08,VIP
397,Vikram Sharma,vikram.sharma397@example.com,2023-09-03 08:28:12,PREMIUM
398,Isha Malhotra,isha.malhotra398@example.com,2024-03-22 05:16:16,PREMIUM
399,Pooja Verma,pooja.verma399@example.com,2023-05-19 23:20:14,VIP
400,Neha Verma,neha.verma400@example.com,2023-09-29 22:53:16,PREMIUM
401,Anjali Verma,anjali.verma401@example.com,2024-09-08 17:01:49,PREMIUM
402,Anjali Joshi,anjali.joshi402@example.com,2023-01-15 09:30:18,PREMIUM
403,Sneha Kapoor,sneha.kapoor403@example.com,2025-04-23 23:42:36,VIP
404,Isha Nair,isha.nair404@example.com,2024-12-28 01:04:44,PREMIUM
405,Karan Gupta,karan.gupta405@example.com,2024-12-13 21:34:17,VIP
406,Rohan Reddy,rohan.reddy406example.com,2024-04-03 07:18:05,VIP
407,Karan Reddy,karan.reddy407@example.com,2024-09-21 21:46:36,PREMIUM
408,Arjun Patel,arjun.patel408@example.com,2023-05-29 04:12:52,REGULAR
409,Vikram Malhotra,vikram.malhotra409@example.com,2024-01-21 07:51:56,REGULAR
410,Rohan Chawla,rohan.chawla410@example.com,2024-02-19 18:16:11,PREMIUM
411,Pooja Sharma,pooja.sharma411@example.com,2024-07-12 13:04:24,VIP
412,Neha Verma,neha.verma412@example.com,2024-12-23 23:10:58,PREMIUM
413,Anjali Chawla,anjali.chawla413@example.com,2024-04-28 02:05:53,VIP
414,Sneha Joshi,sneha.joshi414@example.com,2023-12-10 01:51:23,REGULAR
415,Vikram Malhotra,vikram.malhotra415@example.com,2024-08-03 09:44:37,PREMIUM
416,Isha Iyer,isha.iyer416@example.com,2023-05-08 04:20:46,VIP
417,Suresh Das,suresh.das417@example.com,2025-05-26 09:44:04,REGULAR
418,Priya Iyer,priya.iyer418@example.com,2023-08-21 18:54:06,REGULAR
419,Arjun Bose,arjun.bose419@example.com,2023-11-16 01:55:20,VIP
420,Isha Patel,isha.patel420@example.com,2024-11-23 00:47:54,REGULAR
421,Suresh Nair,suresh.nair421@example.com,2024-12-10 14:40:53,VIP
422,Priya Bose,priya.bose422@example.com,2024-04-23 17:23:38,VIP
423,Amit Chawla,amit.chawla423@example.com,2023-01-05 16:25:29,VIP
424,Karan Patel,karan.patel424@example.com,2024-06-19 04:58:01,VIP
425,Rahul Verma,rahul.verma425@example.com,2023-04-18 05:13:12,PREMIUM
426,Priya Joshi,priya.joshi426@example.com,2023-07-30 09:09:14,VIP
427,Kavya Das,kavya.das427@example.com,2024-08-17 03:52:25,PREMIUM
428,Manish Chawla,manish.chawla428@example.com,2025-04-17 18:34:16,REGULAR
429,Divya Gupta,divya.gupta429@example.com,2025-04-14 14:26:53,PREMIUM
430,Vikram Singh,vikram.singh430@example.com,2023-02-05 07:38:03,PREMIUM
431,Suresh Rao,suresh.rao431@example.com,2023-12-23 18:29:49,REGULAR
432,Suresh Das,suresh.das432@example.com,2023-10-20 19:03:37,VIP
433,Sneha Verma,sneha.verma433@example.com,2024-10-13 06:25:20,VIP
434,Amit Singh,amit.singh434@example.com,2023-06-06 17:42:07,VIP
435,Priya Bose,priya.bose435@example.com,2023-03-17 14:47:05,REGULAR
436,Priya Chawla,priya.chawla436@example.com,2025-04-18 11:42:15,REGULAR
437,Priya Nair,priya.nair437@example.com,2024-03-25 08:31:23,REGULAR
438,Arjun Kapoor,arjun.kapoor438@example.com,2023-08-11 13:08:09,VIP
439,Neha Rao,neha.rao439@example.com,2023-04-05 16:39:55,VIP
440,Anjali Rao,anjali.rao440@example.com,2023-03-14 19:57:56,PREMIUM
441,Manish Kapoor,manish.kapoor441@example.com,2024-09-26 05:00:19,REGULAR
442,Pooja Chawla,pooja.chawla442@example.com,2025-04-15 15:25:09,PREMIUM
443,Neha Singh,neha.singh443@example.com,2023-08-13 05:49:23,PREMIUM
444,Priya Rao,priya.rao444@example.com,2025-05-15 17:09:22,VIP
445,Vikram Chawla,vikram.chawla445@example.com,2023-11-12 20:56:34,PREMIUM
446,Rahul Bose,rahul.bose446@example.com,2023-05-24 15:18:27,VIP
447,Karan Verma,karan.verma447@example.com,2023-03-03 10:26:22,REGULAR
448,Karan Iyer,karan.iyer448@example.com,2024-06-01 05:48:33,PREMIUM
449,Amit Iyer,amit.iyer449@example.com,2023-07-02 05:51:53,VIP
450,Isha Singh,isha.singh450@example.com,2023-11-14 16:48:09,PREMIUM
451,Neha Kapoor,neha.kapoor451@example.com,2024-08-14 08:05:54,PREMIUM
452,Divya Joshi,divya.joshi452@example.com,2025-03-07 15:11:10,PREMIUM
453,Suresh Gupta,suresh.gupta453@example.com,2024-12-30 07:52:17,PREMIUM
454,Karan Das,karan.das454@example.com,2023-03-13 00:23:43,VIP
455,Neha Nair,neha@,2025-06-26 06:17:14,VIP
456,Kavya Joshi,kavya.joshi456@example.com,2024-05-27 10:16:09,REGULAR
457,Manish Singh,manish.singh457@example.com,2024-06-08 09:18:31,PREMIUM
458,Isha Malhotra,isha.malhotra458@example.com,2024-07-01 02:04:45,REGULAR
459,Vikram Malhotra,vikram.malhotra459@example.com,2025-04-22 04:19:36,VIP
460,Priya Verma,priya.verma460@example.com,2023-04-26 11:14:18,VIP
461,Priya Sharma,priya.sharma461@example.com,2023-12-26 12:27:44,REGULAR
462,Vikram Sharma,vikram.sharma462@example.com,2024-12-09 09:16:20,PREMIUM
463,Priya Malhotra,priya.malhotra463@example.com,2023-01-25 10:31:22,REGULAR
464,Kavya Sharma,kavya@,2025-04-12 05:45:50,PREMIUM
465,Amit Rao,amit.rao465@example.com,2023-10-06 11:33:08,REGULAR
466,Sneha Nair,sneha.nair466@example.com,2025-03-28 19:42:06,PREMIUM
467,Divya Mehta,divya.mehta467@example.com,2023-05-03 18:03:03,PREMIUM
468,Manish Bose,manish.bose468@example.com,2023-12-17 20:34:07,PREMIUM
469,Rahul Verma,rahul.verma469@example.com,2024-08-12 03:59:15,PREMIUM
470,Isha Verma,isha.verma470@example.com,2023-09-24 05:38:34,REGULAR
471,Isha Rao,isha.rao471@example.com,2024-05-29 14:39:49,VIP
472,Sneha Verma,sneha.verma472@example.com,2025-05-30 11:14:40,PREMIUM
473,Rohan Verma,rohan.verma473@example.com,2024-03-11 13:03:48,VIP
474,Priya Reddy,priya.reddy474@example.com,2024-05-03 12:50:21,REGULAR
475,Karan Nair,karan.nair475@example.com,2024-09-10 17:33:06,REGULAR
476,Pooja Reddy,pooja.reddy476@example.com,2025-05-30 07:57:18,PREMIUM
477,Arjun Chawla,arjun.chawla477@example.com,2023-08-06 09:44:10,VIP
478,Rahul Das,rahul.das478@example.com,2024-11-09 23:49:52,REGULAR
479,Rahul Kapoor,rahul.kapoor479@example.com,2024-09-08 06:09:41,PREMIUM
480,Amit Mehta,amit.mehta480@example.com,2024-11-30 21:43:43,PREMIUM
481,Neha Das,neha.das481@example.com,2024-08-06 04:55:58,PREMIUM
482,Anjali Chawla,anjali.chawla482@example.com,2024-04-03 20:32:42,REGULAR
483,Rahul Patel,rahul.patel483@example.com,2024-08-13 07:25:35,VIP
484,Vikram Chawla,vikram.chawla484@example.com,2023-06-15 12:30:22,REGULAR
485,Amit Joshi,amit.joshi485@example.com,2024-02-24 01:37:19,REGULAR
486,Vikram Patel,vikram.patel486@example.com,2024-11-28 06:06:18,VIP
487,Kavya Gupta,kavya.gupta487@example.com,2024-07-03 18:52:51,VIP
488,Rahul Kapoor,rahul.kapoor488@example.com,2023-01-20 04:05:29,PREMIUM
489,Kavya Chawla,kavya.chawla489@example.com,2025-05-19 05:02:03,REGULAR
490,Anjali Chawla,anjali.chawla490@example.com,2024-02-22 18:01:32,PREMIUM
491,Rohan Malhotra,rohan.malhotra491@example.com,2023-09-17 17:56:37,PREMIUM
492,Rohan Rao,rohan.rao492@example.com,2023-04-30 11:50:10,PREMIUM
493,Rohan Singh,rohan.singh493@example.com,2025-02-09 04:51:16,VIP
494,Karan Bose,karan.bose494@example.com,2024-04-18 06:28:24,REGULAR
495,Manish Kapoor,manish.kapoor495@example.com,2024-08-13 03:19:26,PREMIUM
496,Suresh Kapoor,suresh.kapoor496@example.com,2023-07-31 11:05:17,PREMIUM
497,Arjun Iyer,arjun.iyer497@example.com,2023-10-03 22:47:50,PREMIUM
498,Arjun Joshi,arjun.joshi498@example.com,2025-02-01 18:04:45,VIP
499,Neha Kapoor,neha.kapoor499@example.com,2024-09-02 09:41:00,PREMIUM
500,Sneha Iyer,sneha.iyer500@example.com,2025-04-27 14:31:36,REGULAR
