item_id,order_id,product_id,quantity,unit_price,discount_percent
1,455,378,2,908.89,30.1
2,4,236,4,349.51,11.3
3,433,185,1,1067.15,17.1
4,793,432,4,452.9,23.9
5,1060,355,4,1716.73,6.1
6,829,132,1,1438.83,23.0
7,932,412,6,1059.03,3.3
8,871,462,6,1257.64,46.9
9,687,184,3,2451.93,31.9
10,786,346,1,2370.76,42.5
11,529,466,5,1090.05,27.9
12,82,52,4,2223.47,41.2
13,517,25,6,1359.16,10.7
14,731,37,4,1491.47,21.4
15,75,87,4,1339.79,7.6
16,297,354,4,2429.77,41.3
17,500,470,6,106.4,19.6
18,79,104,6,957.87,58.8
19,162,433,6,1004.85,11.0
20,527,444,6,2413.07,47.6
21,1170,250,3,1737.17,2.9
22,1175,191,4,695.75,40.3
23,817,6,6,1020.92,1.1
24,849,326,3,247.38,13.5
25,665,472,5,1471.85,38.1
26,674,13,4,860.66,19.2
27,911,175,6,1684.1,15.3
28,67,499,5,1405.51,20.7
29,426,299,5,1878.39,27.1
30,958,361,5,1414.41,24.9
31,48,503,3,2474.25,22.5
32,1101,127,5,246.96,13.1
33,227,411,2,1377.43,21.1
34,446,372,5,1577.54,39.9
35,651,414,5,1239.61,27.8
36,921,4,2,1334.0,20.0
37,951,393,6,1452.49,25.1
38,857,142,-1,1526.22,30.2
39,165,24,6,815.93,15.0
40,1166,380,6,61.69,36.1
41,798,166,2,1147.13,43.4
42,491,331,6,335.96,3.9
43,64,455,4,2474.33,47.8
44,945,340,1,2180.85,54.5
45,502,417,-1,2168.32,59.7
46,790,124,4,1790.91,36.4
47,1094,62,4,735.94,23.9
48,82,451,6,1074.33,7.4
49,299,115,5,1806.38,22.0
50,696,216,2,664.95,19.8
51,152,251,6,1893.67,20.5
52,911,282,4,1488.1,45.7
53,304,380,1,1411.03,42.8
54,629,313,2,1190.84,26.4
55,604,300,6,2148.57,15.4
56,467,152,2,1462.67,15.6
57,1042,175,5,2431.15,38.6
58,1027,497,3,1622.7,52.2
59,988,351,-1,565.94,12.4
60,308,202,6,894.47,27.6
61,25,208,5,912.08,2.0
62,203,82,5,2426.24,3.4
63,1161,188,2,1725.8,39.0
64,502,42,6,2448.55,15.9
65,569,66,2,2265.82,8.0
66,621,489,2,1163.36,32.2
67,105,490,6,295.43,5.0
68,405,499,5,753.4,0.6
69,881,454,1,1944.6,11.7
70,935,278,3,1234.05,10.6
71,1039,307,3,664.18,31.9
72,699,451,5,283.12,45.4
73,374,482,3,1241.99,10.7
74,885,454,1,859.37,41.2
75,375,219,1,771.46,18.3
76,1087,216,6,1429.67,9.3
77,321,162,4,1527.26,9.4
78,1058,427,6,1950.49,16.2
79,539,314,3,837.64,21.2
80,646,428,4,19.15,56.4
81,114,144,3,2437.59,46.0
82,40,263,2,740.52,22.4
83,660,205,4,1994.7,37.1
84,902,165,1,817.08,28.8
85,963,400,1,1721.06,54.5
86,998,61,5,258.09,38.4
87,566,114,4,1182.24,52.9
88,152,156,6,2185.51,35.4
89,1176,336,1,1433.97,45.8
90,534,144,3,1931.39,4.1
91,643,457,3,1869.45,12.9
92,658,204,4,1695.78,42.2
93,523,421,1,1071.19,48.4
94,99,383,1,45.42,26.2
95,66,504,3,710.2,20.0
96,138,116,5,1331.75,47.9
97,180,196,4,1881.01,46.0
98,883,156,4,1627.86,4.4
99,1179,443,5,2224.05,24.1
101,457,206,3,1925.97,34.5
102,727,157,6,476.17,8.9
103,632,41,1,1949.76,32.4
104,142,214,3,508.25,9.8
105,556,28,2,347.59,53.9
106,901,214,-3,954.14,26.8
107,818,128,4,236.67,10.5
108,1185,215,1,305.29,29.3
109,734,216,3,2462.95,48.0
110,737,468,5,45.28,22.8
111,861,318,1,2092.15,26.0
112,616,400,6,2190.47,1.0
113,563,255,3,447.51,0.6
114,1063,40,6,157.65,48.1
115,601,430,4,435.19,56.2
116,311,113,6,1967.46,1.8
117,418,272,6,1556.67,1.7
118,53,148,4,2284.37,2.8
119,773,162,6,254.79,20.9
120,457,488,1,1163.76,24.9
121,1100,1,5,782.02,28.2
122,527,99,6,1197.09,44.9
123,1170,147,2,567.75,4.9
124,195,108,3,628.2,15.0
125,617,274,4,1900.93,7.9
126,865,36,2,1871.1,48.0
127,99,35,-3,2089.27,14.3
128,813,353,5,473.43,52.2
129,1183,270,2,1366.97,7.1
130,573,346,5,2491.73,11.2
131,699,468,4,1659.8,40.1
132,702,375,3,1069.15,1.5
133,1113,114,2,305.09,42.8
134,259,85,3,2415.9,58.3
135,374,228,5,1940.9,11.9
136,725,49,2,2001.65,21.8
137,472,163,5,254.84,9.9
138,464,435,6,2146.45,16.7
139,821,488,5,1172.67,8.2
141,137,493,4,2056.99,45.9
142,497,401,2,1480.58,14.9
143,718,412,3,313.06,44.4
144,311,336,2,31.87,7.0
145,638,238,6,1652.75,17.9
146,256,73,5,2201.17,45.3
147,700,262,1,286.53,28.0
148,1199,499,6,1897.36,13.5
149,212,372,6,607.03,51.0
150,1013,108,4,2163.59,16.8
151,565,430,6,1669.11,15.1
152,731,498,1,610.65,29.7
153,889,500,1,1403.87,50.2
154,770,111,6,1477.91,47.6
155,202,245,1,904.95,40.4
156,864,356,6,1619.49,26.4
157,944,409,5,2033.84,37.7
158,885,186,1,65.24,56.8
159,203,468,4,2124.33,15.2
160,705,49,2,814.66,41.9
161,539,330,2,1853.06,45.2
162,353,234,1,794.75,18.4
163,186,191,3,1892.63,12.1
164,995,164,4,2398.47,19.4
165,229,304,3,1893.14,32.3
166,816,93,1,1780.61,54.9
167,829,363,2,994.91,55.3
168,213,301,6,1535.48,58.2
169,664,252,4,1372.23,40.1
170,561,225,2,617.15,13.5
171,443,22,3,2144.54,29.0
172,899,197,5,1033.75,50.9
173,1190,397,5,1868.25,42.4
174,746,374,3,2250.63,56.2
175,656,138,1,807.55,49.6
176,506,520,5,1772.34,32.1
177,215,357,5,1795.32,38.7
178,1135,55,2,1153.3,26.3
179,894,59,-2,2240.12,28.6
180,303,283,3,1426.54,56.8
181,57,137,4,2465.59,12.9
182,926,339,6,585.25,47.9
183,1041,323,2,2157.52,58.3
184,109,73,3,1536.56,31.8
185,331,184,2,2090.17,1.8
186,1014,414,3,1437.14,56.9
187,794,142,4,2118.93,11.0
188,638,259,6,1251.71,11.1
189,823,84,3,852.6,45.1
190,1073,61,5,1708.36,5.7
191,4,394,-2,769.13,48.0
192,1164,194,1,1593.02,29.9
193,1097,159,3,1501.3,34.4
194,903,456,2,80.7,2.3
195,1101,320,1,2337.91,6.5
196,370,510,2,486.93,9.3
197,691,399,6,1961.24,56.6
198,1136,246,2,2401.17,29.4
199,828,492,1,2028.21,54.6
200,203,329,1,2280.11,33.8
201,1090,290,5,804.19,26.9
202,406,446,6,945.78,29.4
203,1007,399,5,768.21,59.5
204,589,43,6,474.26,5.4
205,1170,50,6,1338.06,2.8
206,621,54,3,2060.25,41.0
207,889,380,5,1704.43,2.7
208,440,328,2,187.04,12.2
209,424,211,-2,2251.3,7.0
211,468,146,4,1498.89,37.3
212,529,318,4,516.17,52.7
213,559,424,1,945.94,50.6
214,389,11,4,1568.21,23.7
215,920,118,6,292.62,54.1
216,1001,263,5,2388.52,42.9
217,816,268,3,275.69,7.2
218,414,206,5,322.15,59.7
219,961,398,1,465.27,45.8
220,139,147,5,1107.85,46.1
221,1032,326,2,114.18,0.9
222,313,359,3,1157.78,54.1
223,116,518,2,163.81,11.0
224,399,452,6,178.11,14.7
225,1083,326,2,146.5,41.1
226,840,174,1,1811.58,19.3
227,79,7,1,956.13,33.8
228,794,37,1,1411.28,4.4
229,976,397,6,1126.93,44.9
230,1005,466,3,1200.43,53.9
231,931,294,3,1594.55,10.5
232,796,22,2,1082.18,18.0
233,88,233,6,2468.79,7.5
234,723,428,4,1154.15,27.1
235,796,409,3,337.12,31.8
236,504,373,2,2251.38,32.9
237,837,145,3,1178.23,32.6
238,927,205,5,546.86,33.1
239,321,454,5,64.47,12.4
240,1163,160,3,1604.89,34.5
241,406,134,3,1907.74,29.2
242,1087,67,1,218.95,0.5
243,109,366,1,511.5,9.0
244,437,324,1,1460.7,49.7
245,973,104,2,2006.83,9.6
246,312,420,1,399.91,33.1
247,962,256,3,2440.43,39.8
248,301,139,1,2201.18,28.4
249,977,372,1,2327.7,35.1
250,373,353,1,2214.58,59.3
251,758,404,2,2292.33,6.7
252,404,86,3,890.01,59.0
253,1014,174,5,916.21,15.2
254,1052,25,5,1226.57,54.3
255,107,460,6,2490.4,20.3
256,559,83,6,835.63,1.9
257,22,205,1,2261.81,22.8
258,74,344,3,920.15,30.8
259,870,355,3,1799.2,33.1
260,1002,87,1,2014.66,54.8
261,1043,110,1,611.19,10.6
262,134,78,2,29.06,0.8
263,699,472,5,1579.35,19.9
264,217,205,1,2295.42,55.6
265,381,239,-3,529.5,43.0
266,793,203,5,1772.05,29.7
267,382,63,6,1109.08,30.5
268,163,194,2,1751.42,42.2
269,156,234,3,410.25,38.1
270,608,224,5,1069.18,49.5
271,494,258,6,707.22,9.7
272,127,62,3,1551.51,49.1
273,164,91,6,799.4,46.3
274,741,68,5,1425.16,43.6
275,654,380,6,1251.74,45.8
276,642,175,6,111.54,21.2
277,953,413,3,1161.74,53.9
278,927,430,6,2374.34,52.4
279,649,375,6,39.81,47.5
280,354,17,2,981.27,9.0
281,691,311,4,2075.3,51.2
282,569,512,4,1084.98,56.8
283,328,109,6,171.93,19.4
284,977,507,2,2010.04,25.0
285,27,319,6,1711.72,25.7
286,250,383,5,2018.78,51.8
287,757,458,4,928.17,14.8
288,669,488,3,1968.08,33.3
289,1183,131,6,2413.86,46.9
290,1173,243,2,2034.24,14.9
291,1154,98,1,963.44,8.9
292,659,273,4,171.98,23.4
293,396,373,3,2120.19,3.5
294,506,495,1,1406.89,47.0
295,656,205,3,2061.22,38.8
296,247,200,1,1311.14,30.2
297,509,12,4,748.95,12.3
298,607,432,6,201.38,27.9
299,303,455,4,1897.36,6.5
300,561,465,2,715.48,35.2
301,662,335,1,1383.67,22.1
302,646,445,4,1617.59,23.7
303,669,332,1,1416.21,34.1
304,1048,509,6,164.38,4.1
305,311,241,2,234.19,21.6
306,732,72,4,1233.68,32.7
307,1075,92,4,2036.84,26.9
308,237,58,3,1613.67,33.5
309,108,44,6,110.23,45.5
310,313,331,2,971.88,38.1
311,811,425,3,1377.33,2.4
312,74,358,5,1756.05,34.9
313,754,156,2,1342.89,54.9
314,577,164,3,2087.88,45.3
315,525,403,3,302.32,17.1
316,60,416,6,515.45,6.8
317,794,211,6,504.36,34.2
318,612,311,6,905.54,3.3
319,471,25,3,778.2,13.0
320,371,398,2,1801.32,27.5
321,801,492,2,1404.27,17.1
322,509,32,1,1550.1,51.4
323,562,164,3,247.6,22.1
324,391,78,6,703.55,39.2
325,610,270,1,1145.03,55.9
326,420,32,6,2201.32,55.9
327,358,467,1,2175.13,34.8
328,1142,492,1,162.89,41.5
329,442,39,6,1246.07,49.8
330,845,46,1,1643.24,57.6
331,576,274,6,65.91,16.3
332,386,46,4,2184.43,50.1
333,892,238,6,1790.35,44.6
334,587,484,5,1363.75,22.4
335,761,356,5,1020.47,34.8
336,763,152,3,2036.5,45.1
337,1013,443,4,220.68,15.2
338,282,462,3,1885.49,51.7
339,337,149,3,1498.99,32.4
340,327,211,5,2062.59,23.8
341,859,107,5,1440.78,15.3
342,1128,343,2,1225.5,19.5
343,765,403,4,551.58,21.1
344,836,465,1,393.47,41.6
345,386,508,5,365.17,4.3
346,628,215,4,1357.21,5.8
347,392,213,1,468.36,46.6
348,147,433,4,2362.46,39.7
349,22,384,3,525.08,25.7
350,980,504,5,2442.65,30.0
351,720,393,6,1883.53,46.2
352,866,503,5,2486.62,22.8
353,999,95,1,212.0,43.5
354,193,481,6,90.68,18.6
355,925,132,4,1485.61,40.5
356,58,186,4,1160.63,41.8
357,795,50,5,636.74,7.1
358,1059,167,4,104.34,36.1
359,874,79,2,501.81,29.2
360,12,181,6,1932.29,2.6
361,375,506,6,575.69,26.7
362,238,25,2,1098.05,22.0
363,881,378,5,1588.91,6.4
364,971,433,4,172.01,5.2
365,733,141,5,306.92,9.7
366,1169,383,2,1395.63,28.7
367,380,238,1,510.11,18.0
368,801,13,1,286.32,40.0
369,1200,141,3,802.23,14.6
370,984,490,2,1199.44,5.9
371,795,73,6,369.55,7.6
372,1045,75,1,1417.56,14.8
373,847,269,3,1018.95,45.1
374,88,383,-3,979.99,36.4
375,461,417,2,1616.87,45.3
376,323,77,5,1084.69,1.9
377,136,150,6,1933.43,2.4
378,569,350,4,762.22,32.1
379,670,396,4,1894.76,50.4
380,1148,141,5,1175.97,5.5
381,1003,65,5,632.72,16.1
382,556,321,5,2317.42,19.4
383,491,197,3,2065.21,31.1
384,843,193,5,1921.94,53.4
385,286,371,6,1782.99,33.2
386,419,121,5,1812.86,52.6
387,506,188,6,2218.75,48.6
388,768,471,4,1345.83,8.8
389,148,403,4,13.15,11.3
390,522,284,4,1280.24,25.2
391,545,502,4,1490.2,28.6
392,793,371,2,1901.51,59.7
393,85,275,3,322.92,5.8
394,867,11,6,283.02,58.6
395,568,274,2,2319.99,21.2
396,485,226,5,433.75,58.0
397,785,94,-1,1430.24,36.8
398,553,417,1,556.33,27.6
399,340,4,2,600.73,18.5
400,1188,238,4,255.41,4.9
401,910,390,6,62.45,45.9
402,421,351,4,808.59,29.9
403,795,148,5,1760.12,36.1
404,774,322,4,886.4,16.4
405,596,481,4,2401.83,41.2
406,1154,23,6,975.23,20.7
407,781,435,4,228.2,15.3
408,469,173,3,551.75,35.1
409,1060,391,2,914.61,45.6
410,185,52,2,629.73,31.5
411,523,447,3,699.89,55.0
412,470,238,2,2180.17,37.3
413,1173,482,6,2355.33,53.7
414,484,79,2,173.12,6.1
415,367,378,4,1809.41,9.2
416,383,176,1,1917.04,30.8
417,43,172,1,125.62,9.4
418,271,286,5,1158.7,27.3
419,226,44,2,172.35,22.6
420,2,405,5,1378.04,43.6
421,1076,363,6,1967.03,34.6
422,830,171,5,1260.37,30.0
423,75,306,5,293.26,54.2
424,784,204,-2,1877.03,12.9
425,302,144,5,1624.43,18.1
426,501,259,2,1219.51,28.0
427,953,426,2,2399.25,14.7
428,299,55,1,879.64,54.6
429,888,489,3,106.11,58.9
430,982,519,3,419.03,59.5
431,299,26,5,1276.22,37.8
432,761,472,4,870.58,19.6
433,754,449,5,1897.44,26.0
434,1053,519,5,172.89,58.1
435,774,274,6,364.16,45.7
436,403,226,4,109.52,18.2
437,273,156,5,1070.14,34.1
439,449,506,2,290.02,40.2
440,702,265,3,1444.72,32.9
441,678,286,3,2016.44,46.7
442,503,279,1,823.74,30.5
443,1022,308,4,2005.18,15.5
444,304,255,2,1163.55,9.2
445,202,410,5,1051.13,19.9
446,167,68,5,1938.54,55.6
447,117,485,4,2446.0,20.0
448,759,504,2,2319.95,23.8
449,439,169,2,843.6,35.9
450,772,9,1,379.37,25.7
451,190,53,6,10.21,10.7
452,274,366,3,1666.82,5.3
453,339,85,3,2470.52,36.9
454,394,503,4,273.31,35.6
455,1078,67,5,1158.53,51.1
456,323,509,6,1518.18,41.3
457,66,485,3,2026.63,21.5
458,1043,411,6,1047.83,55.8
459,634,153,2,1759.57,2.2
460,121,460,1,319.64,43.4
461,579,245,6,1798.01,26.1
462,252,310,6,2343.9,12.6
463,970,197,3,865.99,2.9
464,517,408,4,1960.39,51.8
465,921,433,3,1647.72,57.5
466,1161,257,-1,1042.42,29.2
467,686,508,2,2392.87,54.4
468,370,352,1,2001.52,22.4
469,6,152,5,834.63,39.5
470,1035,202,4,1090.17,57.0
471,81,298,6,1349.29,45.3
472,92,65,1,1188.92,52.7
473,950,323,5,2087.83,13.4
474,543,235,6,1672.74,34.8
475,809,228,5,2380.26,27.0
477,854,314,6,1923.41,39.8
478,1018,295,2,1950.29,51.3
479,797,206,3,40.46,25.8
480,674,265,-1,426.71,17.5
481,527,168,4,906.77,45.9
482,592,71,5,195.18,9.3
483,249,68,1,1947.77,47.7
484,554,346,1,307.99,46.0
485,1095,285,1,1964.82,21.4
486,189,257,4,1814.66,54.7
487,177,165,2,1307.61,41.4
488,398,349,6,2134.5,47.6
489,886,413,5,534.84,11.4
490,991,233,6,2087.11,56.0
491,1013,378,4,501.79,2.5
492,928,382,5,1623.55,24.9
493,16,99,4,1488.65,33.7
494,239,349,4,303.78,48.6
495,650,301,5,102.15,6.4
496,615,389,2,2498.21,16.8
497,844,511,5,774.42,18.0
498,47,96,3,2174.41,55.9
499,206,342,1,799.19,7.4
500,1181,284,1,782.16,45.6
501,1109,305,1,2266.27,39.5
502,206,431,1,236.95,20.0
503,107,5,1,271.54,28.6
504,961,271,4,401.22,56.4
505,508,107,2,1578.94,1.0
506,448,245,2,2474.17,0.3
507,1072,193,5,1234.17,14.3
508,881,300,6,863.95,24.3
509,843,128,3,1768.73,15.3
511,1189,42,6,580.98,15.0
512,96,224,6,694.99,6.8
513,6,15,6,1036.32,20.5
514,916,127,6,2172.66,19.5
515,842,455,5,1659.48,51.5
516,299,249,3,1227.33,56.9
517,896,163,1,158.2,53.3
518,123,424,5,280.49,17.2
519,581,485,4,1965.31,31.8
520,931,206,6,1722.64,16.5
521,977,226,3,1098.13,8.0
522,481,149,4,279.01,43.3
523,1070,318,1,1867.28,1.2
524,1162,290,1,633.99,14.7
525,1139,188,5,1570.66,58.6
526,7,430,1,1422.04,0.1
527,397,436,6,631.66,48.3
528,409,366,6,244.74,28.3
529,402,345,3,895.42,45.5
530,1091,17,2,1725.87,6.2
531,281,423,1,1339.78,44.3
532,211,139,5,555.73,12.9
533,760,419,-3,305.09,16.8
534,922,243,1,1531.38,5.6
535,513,247,5,115.21,41.3
536,1109,502,6,2043.58,13.0
537,844,235,1,2312.4,16.7
538,875,169,3,72.11,5.9
539,1171,161,3,589.38,2.7
540,368,303,2,1154.83,39.7
541,463,210,1,919.77,45.4
542,614,65,4,2084.88,9.5
544,434,235,4,1750.72,10.0
545,1066,338,6,2216.54,9.4
546,1092,436,2,434.48,50.2
547,912,21,3,494.69,17.7
548,1097,119,1,1992.52,7.6
549,111,116,6,1402.36,23.7
550,1190,185,2,1349.87,13.9
551,259,76,1,607.53,33.1
552,695,341,1,1374.52,49.7
553,91,226,2,1748.44,5.4
554,303,83,1,1845.66,19.3
555,338,28,-1,1939.38,41.5
556,63,84,2,211.17,11.4
557,202,59,5,1969.73,44.9
558,53,118,3,1987.75,30.2
559,594,152,3,1502.87,34.6
560,977,79,5,380.69,49.5
561,592,481,1,105.76,26.1
562,54,252,-2,947.85,38.2
563,182,154,5,1015.93,33.8
564,483,330,3,927.07,2.9
565,636,43,5,1383.6,2.4
566,963,472,2,1547.14,47.2
567,35,190,6,318.79,3.6
568,97,128,4,2226.06,54.9
569,11,182,6,1370.96,28.4
570,510,193,4,1323.16,3.8
571,549,410,6,1549.59,17.7
572,350,315,6,1022.06,9.5
573,498,442,6,538.62,18.6
574,516,299,1,2363.9,37.9
575,321,44,3,470.54,47.3
576,756,197,6,2398.25,54.7
577,48,422,4,1981.27,51.8
578,1051,24,5,1931.23,43.8
579,755,183,6,2076.89,16.5
580,275,349,6,98.66,41.2
581,118,222,3,526.3,45.9
582,728,323,5,2209.28,7.3
583,455,466,1,1317.9,43.3
584,254,247,5,1485.33,37.9
585,406,331,2,2498.61,2.4
586,833,86,6,2295.74,36.7
587,1035,98,3,1156.97,30.0
588,834,9,6,31.63,11.1
589,55,343,1,1947.69,6.7
590,262,251,5,1722.55,20.0
591,1019,123,3,2401.12,54.5
592,7,377,6,1526.31,20.7
593,119,127,5,2177.75,38.4
594,1178,237,5,995.52,28.6
595,55,162,4,2354.29,36.4
596,1036,344,2,847.55,4.6
597,523,302,6,329.48,32.2
598,88,244,-2,1233.48,23.7
599,892,99,6,295.7,7.7
600,37,57,2,1303.04,12.2
601,800,28,5,968.78,41.1
602,149,180,6,1920.15,15.2
603,698,188,4,1093.42,6.5
604,994,147,5,1554.84,59.0
605,541,312,1,2241.42,0.3
606,1081,244,2,1194.83,40.0
607,1127,48,5,533.84,38.7
608,255,19,6,1516.18,2.8
609,755,297,5,717.98,10.9
610,33,170,4,1010.12,35.9
611,1174,385,6,2174.6,39.4
612,1132,468,5,228.69,31.3
613,298,255,3,371.59,33.9
614,603,200,5,2383.45,53.4
615,222,145,2,1941.79,25.8
616,1155,24,1,2475.11,28.4
617,816,32,4,1606.63,10.4
618,443,226,6,817.82,39.8
619,741,18,5,2090.75,58.9
620,7,121,4,2454.09,54.1
621,1160,416,-1,1478.33,21.5
622,301,392,3,1434.42,20.7
623,150,437,-2,250.14,49.8
624,299,345,5,2451.28,45.0
625,516,153,3,605.3,47.8
626,637,42,3,2137.32,50.0
627,337,445,-3,1502.98,54.4
628,798,397,1,1262.23,4.5
629,396,27,3,124.55,4.0
630,1081,301,6,1576.51,4.4
631,659,201,4,2180.24,57.0
632,843,226,1,1595.57,16.2
633,1015,167,5,150.16,56.6
634,287,141,4,864.65,33.3
635,189,486,4,2307.46,55.4
636,330,270,5,61.72,56.2
637,1093,465,2,584.12,56.2
638,644,411,2,276.24,32.7
639,163,169,2,1696.69,4.7
641,651,354,4,943.07,11.4
642,917,315,6,665.17,3.0
643,346,406,3,738.57,2.6
644,194,243,3,1132.09,40.9
645,209,146,5,2263.08,44.5
646,1024,77,2,39.96,9.7
647,189,187,5,260.33,11.6
648,1064,349,4,1837.7,29.5
649,897,238,4,2187.46,32.4
650,236,327,2,1024.02,20.3
651,1173,439,-3,1009.94,55.6
652,244,509,6,593.7,24.3
653,301,3,1,943.41,8.6
654,351,164,6,220.04,23.6
655,750,459,3,2342.96,41.2
656,830,179,6,186.52,34.2
657,671,41,4,1396.03,32.1
658,550,296,5,1959.46,52.1
659,325,35,1,2378.74,41.5
660,471,257,5,1270.87,17.5
661,267,68,5,1619.94,17.0
662,926,37,5,1739.72,26.5
663,732,412,2,1121.71,28.7
664,1105,463,6,690.88,46.8
665,131,507,6,1528.03,29.5
666,1110,447,5,1266.98,43.1
667,316,201,2,1237.3,45.0
668,1090,191,-3,1707.44,47.5
669,756,370,3,1890.14,23.4
670,680,128,5,423.96,54.0
671,361,275,3,631.76,56.1
672,806,362,4,2067.04,36.7
673,381,276,6,1974.89,49.8
674,456,106,2,853.76,9.9
675,164,346,3,1807.44,55.9
676,365,176,3,1012.11,35.3
677,456,379,5,260.04,51.6
678,1034,375,6,69.02,38.7
679,1063,333,4,44.0,19.2
680,999,230,3,23.97,18.4
681,246,77,5,2316.16,6.8
682,986,342,2,1457.03,16.1
683,78,315,3,225.08,17.6
684,221,222,3,1823.69,22.0
685,440,100,4,599.18,25.6
686,650,154,5,1744.33,38.6
687,224,363,1,447.43,23.0
688,1084,485,1,1405.91,36.3
689,270,133,1,591.35,30.9
690,1143,141,3,2338.26,33.4
691,877,519,3,1041.7,45.3
692,1104,142,3,1234.32,20.3
693,691,348,6,1833.56,25.3
694,745,295,3,448.55,7.7
695,244,341,6,68.36,56.0
696,13,315,1,934.4,13.8
697,476,119,2,1999.28,52.1
698,142,35,3,1306.86,38.0
699,872,291,2,761.64,51.1
700,1075,503,4,364.46,57.8
701,455,300,6,1609.65,9.0
702,14,172,5,2298.51,17.3
703,143,109,2,1843.93,11.4
704,129,8,5,1569.15,37.4
705,121,251,1,1041.34,29.4
706,418,170,4,1918.5,24.2
707,179,359,2,1202.8,19.3
708,744,389,3,391.11,34.3
709,67,465,5,959.12,39.5
710,494,187,4,1797.13,57.6
711,961,204,4,1110.03,43.0
712,445,191,6,2391.94,55.6
713,668,220,2,1853.78,52.9
714,207,78,3,1602.69,14.2
715,1128,373,2,1757.66,14.7
716,1183,316,5,670.61,7.3
717,949,403,4,728.16,56.5
718,1170,511,3,1529.98,43.5
719,370,450,5,11.71,34.3
720,902,480,1,1900.57,54.6
721,231,335,6,350.0,57.1
722,1063,101,-3,341.12,21.9
723,112,46,2,666.95,33.3
724,954,449,5,876.54,12.6
725,763,404,3,2311.13,47.9
726,83,242,3,2306.75,38.7
727,1173,472,5,170.69,50.1
728,334,96,6,61.99,9.0
729,1183,357,6,1661.7,5.5
730,408,198,6,146.44,49.4
731,11,512,4,236.86,58.0
732,298,156,6,293.32,9.4
733,943,118,6,1516.56,44.8
734,183,133,4,2283.65,2.5
735,66,449,6,2331.34,11.9
736,439,390,5,846.6,32.2
737,367,107,6,378.33,47.1
738,361,405,-3,1565.24,8.4
739,691,138,5,379.57,17.2
740,264,376,5,2486.44,21.0
741,780,2,1,2014.38,12.9
742,1166,509,2,2059.62,46.6
743,469,196,1,1062.54,21.5
744,669,134,4,533.97,1.6
745,154,56,-2,1059.04,21.7
746,332,62,5,420.05,37.2
747,908,23,1,1033.79,7.8
748,577,268,1,2382.52,9.5
749,16,34,6,628.0,7.5
750,744,463,4,924.57,53.6
751,632,357,3,933.06,25.5
752,354,109,3,346.46,48.6
753,946,61,1,1924.05,47.8
754,1054,423,-3,1386.84,6.0
755,817,434,1,1293.12,32.7
756,1059,459,6,272.97,35.6
757,222,87,6,492.74,2.5
758,928,235,1,833.69,58.1
759,590,504,5,754.09,48.1
760,359,446,-3,458.41,31.9
761,1082,440,4,1492.42,29.8
762,419,206,1,1519.37,9.4
763,901,448,4,2058.87,4.7
764,1199,487,2,52.36,3.5
765,545,339,4,1568.96,1.5
766,139,498,1,1668.01,7.5
767,517,242,6,1361.98,56.5
768,140,277,5,1437.55,18.9
769,135,514,2,99.56,35.4
770,1018,505,4,1599.01,38.9
771,407,425,4,958.64,33.4
772,600,153,4,544.63,17.2
773,101,239,5,2078.14,45.7
774,895,297,6,1459.25,54.7
775,914,271,1,417.03,25.8
776,286,472,4,2050.44,32.4
777,352,163,4,1653.59,39.6
778,532,86,5,591.85,41.1
779,1171,460,5,2252.58,53.8
780,172,516,1,1566.77,57.9
781,1041,409,1,2235.94,18.2
782,284,365,1,1307.26,44.2
783,478,383,4,1096.98,0.7
784,354,48,1,1049.88,19.2
785,192,390,2,1410.76,18.0
786,826,162,6,1279.69,30.0
787,554,517,5,380.34,43.6
788,804,489,6,1663.14,3.0
789,89,265,2,2262.28,5.3
790,1190,507,3,2249.47,38.5
791,363,230,6,836.6,22.6
792,220,408,4,458.4,38.4
793,864,386,3,962.41,14.9
794,543,320,-2,383.47,26.6
795,314,164,1,2453.16,21.3
796,498,129,4,5.86,58.1
797,455,514,4,573.74,2.5
798,893,155,3,2476.54,45.2
799,912,65,1,227.51,4.4
800,232,168,6,2496.45,52.4
801,835,418,2,2236.63,20.5
802,510,97,3,1004.52,46.8
803,45,286,3,1877.44,29.7
804,537,33,1,2183.24,41.8
805,561,65,5,1177.77,44.4
806,134,43,2,1369.03,57.4
807,6,149,4,246.76,4.8
808,555,335,1,1558.26,55.1
809,772,255,5,1748.71,34.9
810,1126,320,5,1723.28,52.0
811,671,51,3,281.06,36.8
812,370,370,6,619.76,55.7
813,92,433,1,1708.5,3.7
814,1102,213,5,1056.02,14.9
815,258,382,5,1500.74,22.7
816,16,309,5,2018.45,17.9
817,1189,386,1,2496.61,40.9
818,562,446,6,1081.19,24.6
819,670,319,3,790.3,51.9
820,1004,30,3,1430.17,47.0
821,632,519,2,2014.14,1.7
822,268,415,3,2190.33,47.0
823,378,56,3,275.45,38.0
824,711,436,-3,404.86,11.2
825,359,463,2,1073.31,52.9
826,971,69,2,978.41,6.2
827,363,516,1,2039.14,15.1
828,1059,16,-3,275.33,35.3
829,812,131,4,493.73,4.7
830,1184,14,3,2327.81,16.4
831,277,169,4,1598.29,25.5
832,302,258,2,575.87,45.6
833,981,396,4,2166.66,31.9
834,945,272,6,2370.23,10.5
835,262,239,5,1261.14,52.7
836,742,440,3,639.89,39.2
837,585,202,3,2114.55,4.6
838,287,459,2,717.24,32.2
839,1007,87,5,1129.62,54.1
840,816,171,2,1225.77,1.8
841,1137,75,6,2244.86,21.2
842,26,69,1,1518.82,23.2
843,506,200,3,87.83,36.5
844,471,149,5,670.58,53.6
845,678,107,-3,1289.18,42.9
846,812,69,5,2107.19,20.7
847,353,369,3,657.82,25.6
848,1089,68,5,1190.4,37.2
849,923,329,5,606.1,35.7
850,302,262,5,2185.96,44.1
851,1164,159,5,2212.57,45.9
852,125,137,3,2094.59,6.3
853,921,38,3,2026.51,51.7
854,1107,180,4,673.16,54.3
855,1141,242,5,599.48,47.5
856,310,512,6,80.06,55.2
857,322,177,5,1295.12,30.9
858,102,172,5,368.54,2.7
859,240,3,2,45.61,41.5
860,791,31,4,1272.27,37.9
861,1144,396,6,308.65,32.9
862,606,296,4,158.97,43.5
863,1133,88,3,1476.13,45.3
864,989,200,5,790.58,24.5
865,648,204,1,1834.67,59.7
866,937,4,4,928.3,48.9
867,675,77,5,831.86,54.2
868,95,276,6,234.61,0.8
869,805,93,3,1761.68,53.5
870,461,332,1,255.93,36.8
871,551,16,4,921.37,33.7
872,399,145,5,947.91,43.5
873,1157,471,2,1963.35,31.7
874,1106,122,5,1183.83,59.7
875,994,380,1,2008.11,25.7
876,744,387,1,63.32,35.7
877,260,368,1,1139.11,57.8
878,1070,310,2,2444.56,33.2
879,12,143,5,2352.16,47.0
880,740,121,3,1154.12,27.4
881,185,395,2,1507.3,47.0
882,198,288,6,234.3,42.8
883,825,167,4,356.58,56.6
884,685,271,1,1803.91,22.0
885,271,301,5,935.26,50.0
886,93,145,5,320.19,52.2
887,1018,51,6,163.11,24.0
888,701,217,1,2069.07,16.7
889,963,336,5,2219.12,53.1
891,927,75,2,976.77,56.0
893,3,112,4,2452.73,39.4
894,646,45,1,1860.95,13.6
895,903,45,5,86.91,4.3
896,882,263,-2,2265.6,49.8
897,178,336,5,1749.32,13.6
898,289,219,5,2163.69,24.7
899,270,119,3,1036.48,44.0
900,1055,319,4,2028.29,5.0
901,145,361,3,1937.83,39.8
902,826,304,2,537.27,52.9
903,738,248,5,846.8,55.1
904,862,446,4,102.1,25.8
905,397,258,2,2228.03,55.9
906,1031,326,3,2001.5,23.0
907,611,339,2,838.31,26.7
908,910,369,6,1125.22,20.1
909,164,188,4,1824.32,0.6
910,70,333,3,272.31,29.6
911,634,105,6,2224.26,6.0
912,171,398,4,241.41,59.2
913,40,456,3,1706.53,3.2
914,363,380,1,2298.85,18.9
915,549,1,1,2232.96,40.0
916,374,366,3,2180.45,3.6
917,324,81,6,802.17,20.2
918,375,266,3,1103.19,53.4
919,696,505,3,254.23,26.6
920,392,51,4,2327.22,42.5
921,750,68,2,125.12,59.0
922,590,312,5,1933.29,0.7
923,1186,33,3,2196.33,25.7
924,1038,308,3,1569.02,54.6
925,454,179,3,2399.81,21.6
926,499,151,6,119.03,23.3
927,69,14,4,1612.09,23.9
928,878,397,5,1794.24,28.7
929,91,513,2,671.3,40.8
930,447,315,5,1454.73,57.8
931,768,470,-2,945.56,50.9
932,322,357,1,2071.96,4.4
933,436,401,3,463.19,6.3
934,1101,192,5,1655.42,34.4
935,307,98,2,179.01,44.2
936,66,432,6,2098.13,2.8
938,311,403,1,1112.96,47.7
939,14,468,6,838.54,52.6
940,1153,191,5,223.88,35.6
941,868,247,4,1050.61,48.2
942,367,379,6,887.54,11.2
943,524,130,4,7.74,26.7
944,187,7,2,456.43,25.9
945,345,176,5,173.48,54.4
946,1075,501,5,1808.36,41.2
947,1159,516,1,1094.14,32.1
948,681,321,1,1424.59,27.8
949,964,46,6,1773.53,45.0
950,696,222,4,172.59,58.7
951,317,177,5,2010.25,16.6
952,637,142,6,424.46,45.2
954,469,91,2,697.17,29.2
955,571,113,6,169.77,58.4
956,738,11,6,1684.45,44.1
957,27,52,6,696.11,42.9
958,306,450,2,1247.58,51.0
959,261,199,1,108.36,46.6
960,268,49,4,1020.86,23.8
961,6,237,1,2337.58,26.4
962,942,230,5,334.39,4.3
963,47,76,5,1176.84,22.7
964,84,224,2,302.73,47.1
965,540,283,6,171.87,23.2
966,333,208,1,2347.52,25.2
967,29,378,3,2422.25,25.1
968,806,404,1,2325.0,5.0
969,1049,311,3,1455.13,46.7
970,522,442,1,981.83,11.8
971,628,427,2,862.76,18.1
972,772,173,2,966.42,26.0
973,241,421,2,1665.33,55.2
974,704,273,5,1685.4,6.1
975,1055,41,6,1336.83,29.6
976,201,246,4,1812.27,54.4
977,174,270,5,555.4,33.6
978,491,289,6,2368.35,58.4
979,383,242,6,566.16,15.6
980,415,247,1,198.48,42.4
981,750,29,5,937.79,43.1
982,758,276,6,1250.95,47.8
983,823,275,6,1805.76,56.6
984,688,448,3,929.94,28.3
985,555,515,6,958.86,48.4
986,883,182,3,861.43,22.2
987,1097,314,1,1272.57,48.9
988,380,381,5,1441.41,23.8
989,915,140,-2,602.8,46.6
990,244,293,4,136.33,40.1
991,543,162,5,2352.69,49.0
992,617,58,3,1134.75,24.8
993,938,31,6,1337.72,41.2
994,250,172,5,359.51,7.2
995,755,288,4,799.25,12.5
996,573,518,2,1994.79,15.6
997,1021,168,4,2174.89,56.0
998,52,152,4,560.3,26.7
999,928,332,4,1019.81,11.7
1000,7,48,1,2312.88,37.8
1001,732,65,4,66.34,56.2
1002,667,38,6,68.17,9.1
1003,365,328,1,1160.47,50.8
1004,400,233,1,2419.31,41.5
1005,253,89,2,1238.47,9.9
1006,72,355,2,880.91,9.3
1007,801,191,-3,1441.16,37.9
1008,993,383,3,2416.07,21.1
1009,437,454,2,570.96,37.0
1010,1070,486,-2,1729.52,49.7
1011,455,434,2,1069.92,30.4
1012,72,471,1,118.68,11.2
1013,1020,163,1,2075.26,12.0
1014,80,406,4,253.94,38.7
1015,1134,188,5,1766.69,57.8
1016,1010,269,6,1337.66,15.5
1017,825,269,3,331.91,12.6
1018,444,166,2,2299.51,30.5
1019,218,158,3,868.53,59.4
1020,1160,189,6,450.7,57.5
1021,830,346,2,531.6,39.4
1022,798,491,6,2161.91,14.7
1023,235,504,3,693.07,49.7
1024,13,313,3,1931.56,39.2
1025,664,395,6,440.41,39.7
1026,1042,485,6,1643.84,23.2
1027,643,327,4,632.31,4.4
1028,357,89,6,1073.16,43.2
1029,148,439,6,682.69,34.2
1030,188,217,4,1479.38,27.1
1031,1018,1,2,2028.95,1.1
1032,346,73,2,1558.76,39.1
1033,197,315,6,187.86,12.1
1034,499,414,4,1159.58,34.0
1035,930,486,5,542.97,9.9
1036,1005,190,2,333.97,39.1
1037,58,487,3,1623.63,25.2
1038,486,317,2,511.52,36.2
1039,783,343,2,458.31,7.5
1040,94,25,5,1937.62,29.2
1041,775,468,3,1999.85,17.0
1042,15,476,1,992.13,18.6
1043,892,461,3,2308.78,53.1
1044,183,356,2,1069.44,59.4
1045,527,362,-1,790.26,13.2
1046,408,279,6,1414.79,37.0
1047,952,367,1,347.7,41.8
1048,457,478,1,1798.94,10.8
1049,717,424,5,1687.68,25.6
1050,481,344,3,1531.25,20.9
1051,577,339,4,1885.53,52.5
1052,599,75,3,1980.31,18.3
1053,249,249,5,2085.29,56.7
1054,530,277,4,2193.3,15.8
1055,1077,176,6,369.53,2.9
1056,673,489,2,1810.25,13.1
1057,1179,277,5,253.9,9.5
1058,17,63,5,1729.72,6.9
1059,981,357,4,485.83,37.8
1060,846,136,4,2148.56,7.5
1061,501,444,3,2121.4,22.9
1062,132,56,5,2058.29,8.5
1063,729,473,1,836.63,23.6
1064,730,339,5,1457.96,37.7
1065,966,81,5,2307.13,36.6
1066,141,194,3,652.14,19.6
1067,795,380,1,124.9,12.3
1068,376,139,4,88.55,14.9
1069,635,213,2,1641.78,1.1
1070,476,517,6,1854.92,40.5
1071,812,34,5,1382.66,54.1
1072,643,288,2,956.67,35.0
1073,103,499,6,1098.19,17.2
1074,954,327,1,150.82,13.7
1075,751,288,2,1058.2,20.3
1076,919,164,6,501.43,8.0
1077,314,138,-1,828.82,34.4
1078,221,225,1,497.19,24.5
1079,904,439,6,1959.37,21.9
1080,22,490,4,1526.13,20.8
1081,646,285,6,1606.18,12.6
1082,161,265,2,2041.08,10.2
1083,60,135,6,121.43,32.4
1084,939,17,5,231.71,43.1
1085,335,383,2,150.93,48.9
1086,848,474,3,1825.47,57.5
1087,976,267,6,1037.73,37.3
1088,375,233,1,1344.37,55.2
1089,316,348,4,1266.94,55.9
1090,369,352,5,966.27,45.5
1091,578,151,5,2368.15,29.1
1092,385,103,1,329.33,5.2
1093,97,43,4,593.09,20.8
1094,1133,76,6,1138.76,3.0
1095,993,231,1,1497.67,21.2
1096,516,113,2,1237.51,10.4
1097,292,256,4,554.68,27.3
1098,335,116,3,942.32,22.6
1099,657,392,3,2125.74,11.5
1100,400,201,1,509.88,17.4
1101,619,512,1,1273.89,34.8
1102,678,11,-1,2151.15,36.8
1103,774,321,6,477.72,40.9
1104,1018,407,6,1070.71,39.5
1105,328,425,5,586.76,11.1
1106,1020,368,2,1420.26,1.1
1107,165,146,3,2024.76,8.0
1108,756,293,2,296.98,19.4
1109,841,324,2,1894.84,42.1
1110,824,158,2,1616.15,10.3
1111,608,387,2,194.61,39.8
1112,1054,100,6,490.36,43.4
1113,457,230,1,1762.41,9.4
1114,172,178,2,1956.37,22.3
1115,607,158,1,2174.98,32.6
1116,1098,9,4,264.43,35.0
1117,1088,399,5,776.71,18.3
1118,274,182,-2,1427.19,30.1
1119,1020,322,5,1304.35,46.6
1120,795,409,3,1873.59,46.5
1121,244,304,6,1647.97,6.7
1122,289,184,4,192.38,11.0
1123,626,260,1,1332.08,47.8
1124,231,115,4,229.67,51.8
1125,915,285,4,1440.54,31.6
1126,330,21,2,147.25,52.5
1127,865,173,6,1767.04,3.7
1128,713,345,6,487.51,23.8
1130,482,166,1,2312.64,50.5
1131,351,64,5,153.81,23.9
1132,886,250,4,2145.2,10.6
1133,1139,514,2,1525.49,23.1
1134,418,86,4,1266.62,38.1
1135,1111,466,4,266.36,26.0
1136,625,195,-1,391.86,30.4
1137,322,157,2,252.38,32.4
1138,1041,192,2,1155.41,36.0
1139,130,21,3,1018.12,53.7
1140,1010,380,6,2064.68,10.0
1141,1103,254,6,1926.96,37.3
1142,957,516,4,1738.51,21.1
1143,859,307,5,878.11,29.8
1144,35,401,6,945.29,41.8
1145,818,363,2,1438.99,5.7
1146,663,167,3,861.85,13.4
1147,559,456,6,1846.74,53.2
1148,1187,487,1,361.08,37.0
1149,867,449,3,1437.37,23.8
1150,45,469,5,770.95,40.8
1151,523,292,6,1017.04,4.5
1152,1043,310,5,285.8,27.7
1153,592,352,5,519.61,44.0
1154,1099,300,1,1942.13,32.0
1155,544,171,1,1658.89,30.9
1156,808,122,3,2090.06,59.2
1157,336,410,4,728.25,36.1
1158,126,259,5,899.63,6.3
1160,676,243,6,1549.04,44.2
1161,537,356,6,1042.91,51.9
1162,30,14,4,122.87,12.8
1163,707,365,6,1614.4,1.0
1164,733,197,1,2064.54,58.7
1165,603,492,5,2285.38,54.7
1166,243,36,2,82.92,37.9
1167,418,237,6,682.1,17.7
1168,517,403,5,1212.45,39.9
1169,865,384,4,416.26,56.4
1170,774,353,2,1530.15,26.2
1171,979,189,4,2347.66,10.8
1172,17,302,2,1101.74,1.8
1173,1022,296,4,1713.41,19.5
1174,457,238,3,1338.27,18.8
1175,1002,357,2,549.31,10.0
1177,140,147,4,1585.1,27.8
1178,322,253,3,1545.63,33.3
1179,658,313,2,429.93,50.5
1180,287,119,3,2443.86,19.7
1181,755,345,4,2291.01,31.7
1182,97,459,5,1138.0,16.2
1183,472,145,6,747.42,52.4
1184,606,308,4,1757.31,58.8
1185,941,209,3,96.43,13.9
1186,1046,223,2,1056.11,52.4
1187,141,187,2,1070.67,2.2
1188,972,70,2,884.8,10.4
1189,1113,446,1,463.97,41.1
1190,642,419,4,820.15,39.7
1191,671,52,4,258.31,33.9
1192,220,300,6,701.64,22.9
1193,180,167,4,1483.26,23.8
1194,134,406,2,345.7,36.3
1195,527,269,6,2429.31,20.5
1196,1178,115,1,125.32,35.7
1197,697,349,-1,413.5,42.3
1198,1107,295,6,429.65,17.7
1199,568,305,5,1550.04,56.3
1200,938,380,4,2060.59,53.4
1201,673,130,5,2363.89,44.5
1202,106,474,1,1829.16,36.6
1203,152,193,3,1600.05,54.4
1204,926,307,-2,2290.18,15.8
1205,674,212,3,1066.51,45.6
1206,328,108,4,212.09,43.6
1207,61,445,5,2123.06,6.8
1208,168,504,5,2086.56,4.8
1209,690,171,1,2084.32,26.7
1210,1182,436,3,2311.91,35.1
1211,453,321,3,1862.56,32.3
1212,43,13,4,1923.16,40.1
1213,400,125,-3,309.04,14.5
1214,1198,129,2,2132.81,59.1
1215,630,250,3,1810.15,2.5
1216,121,104,3,2139.69,43.0
1217,88,307,1,534.38,27.7
1218,821,509,3,518.08,45.5
1219,287,358,1,1276.59,36.0
1220,1164,62,3,1762.26,37.6
1221,1116,299,4,1128.66,14.8
1222,685,500,4,1422.41,21.4
1223,237,44,3,1651.76,50.3
1224,492,163,2,1364.03,25.3
1225,775,303,3,446.84,4.9
1226,523,79,6,92.23,6.3
1227,946,210,3,840.23,52.3
1228,614,383,3,2408.52,2.2
1229,1148,220,2,25.64,8.6
1230,860,105,2,661.93,15.5
1231,555,236,5,1481.98,47.7
1232,45,429,5,1240.77,15.6
1233,8,285,2,2346.52,30.5
1234,553,243,3,2078.74,46.0
1235,1102,503,4,312.6,16.0
1236,403,123,4,1973.15,45.5
1237,555,214,1,1478.67,45.6
1238,134,454,2,1631.49,21.5
1239,1049,291,2,1903.65,27.0
1240,515,116,-1,2355.49,20.9
1241,1050,191,4,1364.65,23.8
1242,715,269,2,174.21,50.8
1243,477,365,5,1128.27,8.0
1244,550,507,-3,1725.22,50.3
1245,558,381,2,2494.59,14.4
1246,1129,317,1,251.48,38.1
1247,296,477,3,75.26,43.8
1248,1143,262,6,2164.55,34.5
1249,420,508,3,2105.74,47.6
1250,380,220,3,435.12,6.0
1251,1093,313,1,959.52,25.9
1252,782,409,-3,1124.38,39.2
1253,115,33,2,1488.42,46.8
1254,485,72,4,1430.25,11.8
1255,1114,488,1,1514.26,1.8
1256,197,13,2,69.86,27.7
1257,946,176,1,404.82,6.5
1258,1108,484,5,2212.08,39.3
1259,1016,324,-2,2176.0,42.6
1260,573,114,1,1425.85,32.8
1261,141,314,1,615.97,3.2
1262,297,135,3,463.25,8.7
1263,814,277,3,1889.55,8.5
1264,35,457,3,1995.6,28.5
1265,370,188,1,1054.56,37.5
1266,647,81,2,1630.61,36.2
1267,615,138,1,679.52,20.7
1268,736,38,3,332.88,6.4
1269,227,94,5,430.97,25.8
1270,829,424,6,641.97,33.4
1271,1053,389,2,2497.82,54.5
1272,1025,25,3,1280.37,13.8
1273,1142,34,5,1229.29,37.2
1274,1162,52,4,1012.14,44.2
1275,1084,131,2,2084.85,47.1
1276,472,277,3,1125.37,57.0
1277,1033,421,2,799.81,25.9
1278,304,171,1,502.26,43.6
1279,304,2,3,2197.23,45.7
1280,5,386,1,625.42,17.5
1281,826,5,5,13.38,31.3
1282,1164,416,1,1996.81,1.4
1283,190,241,6,351.46,29.7
1284,936,471,5,1851.33,37.1
1286,1122,42,3,131.4,55.3
1287,1055,122,2,2226.34,43.4
1288,501,88,1,799.26,39.7
1289,1138,514,6,358.1,34.4
1290,633,267,1,2013.28,39.9
1291,141,285,3,1035.12,1.8
1292,659,257,5,712.04,53.4
1293,560,55,4,243.25,33.0
1294,547,94,-1,1723.35,9.1
1295,283,296,5,2420.52,9.0
1296,801,72,5,1244.72,41.3
1297,279,198,3,1031.91,9.6
1298,456,90,-2,402.88,5.7
1299,1147,110,5,1374.64,41.2
1300,143,355,6,1413.33,17.2
1301,815,178,1,551.56,15.9
1302,837,249,1,1308.32,27.5
1303,61,206,6,2459.1,7.6
1304,875,271,1,2366.53,42.9
1305,24,333,4,564.85,48.9
1306,530,313,6,1639.45,53.6
1307,901,308,2,960.13,58.0
1308,220,375,3,1250.56,44.6
1309,420,153,3,652.39,21.0
1310,864,168,4,2350.8,45.4
1311,259,404,6,1135.39,0.2
1312,803,360,6,2330.05,47.0
1313,313,453,3,2210.27,24.5
1314,1118,301,3,1185.9,49.8
1315,327,16,6,96.07,58.5
1316,223,495,3,2483.59,58.4
1317,258,315,3,138.85,43.6
1318,775,345,1,1977.62,26.0
1319,518,263,3,1439.21,10.3
1320,819,91,3,1917.21,6.1
1321,1010,151,5,1161.68,0.2
1322,879,295,2,1253.6,51.8
1323,367,430,5,1344.42,59.6
1324,830,101,1,2042.31,59.6
1325,373,286,3,210.24,43.6
1326,507,53,1,780.83,44.6
1327,1082,103,2,1785.26,38.5
1328,1035,64,1,2498.76,12.1
1329,915,51,5,205.05,48.5
1330,67,487,2,2034.16,14.4
1331,1017,425,5,118.74,45.0
1332,795,364,2,1710.94,37.0
1333,105,292,3,2114.28,38.2
1334,1073,124,3,197.22,57.5
1335,698,123,5,61.47,55.4
1336,1144,4,4,1181.83,46.8
1337,116,426,4,268.93,1.6
1338,1049,159,5,328.8,12.2
1339,787,203,4,1215.49,50.3
1340,83,109,4,2249.68,0.4
1341,588,376,6,1962.02,27.9
1342,1026,301,2,489.42,46.1
1343,437,125,2,979.8,2.3
1344,788,467,4,652.66,40.0
1345,41,366,4,170.4,37.2
1346,243,146,3,228.16,3.3
1347,237,398,3,186.39,28.8
1348,20,265,3,2232.51,9.4
1349,434,228,6,1446.83,17.3
1350,600,110,-2,1847.78,36.0
1351,153,48,3,372.66,22.1
1352,146,398,6,1747.22,24.3
1353,502,239,5,778.1,5.4
1354,7,283,1,2280.65,25.2
1355,319,126,5,803.54,14.8
1356,691,79,1,2265.05,54.5
1357,675,382,2,1913.87,29.9
1358,202,47,3,1907.26,48.7
1359,946,158,6,742.61,17.6
1360,758,480,4,357.66,21.5
1361,905,513,4,1162.29,21.7
1362,540,236,4,1205.48,43.4
1363,444,234,3,1327.54,46.6
1364,906,516,1,2117.46,42.3
1365,371,341,2,652.6,45.1
1366,1082,191,2,1389.73,50.0
1367,94,11,4,1116.07,53.5
1368,424,212,1,2357.98,12.5
1369,1124,142,4,898.55,7.5
1370,1084,54,5,1019.06,40.3
1371,62,403,5,1480.35,14.0
1372,118,266,3,20.04,47.3
1373,1075,486,5,504.04,25.1
1374,172,461,3,1075.52,15.4
1375,19,330,6,1031.68,3.5
1376,971,348,4,863.93,9.5
1377,158,266,1,372.17,10.9
1378,431,467,6,1822.96,10.8
1379,361,106,6,270.51,4.5
1380,952,437,6,1518.83,58.1
1381,219,162,1,1543.89,32.6
1382,234,239,5,85.79,10.5
1383,213,184,-3,472.02,53.9
1384,847,15,5,243.66,58.8
1385,546,80,4,156.07,32.8
1386,147,83,1,1003.15,11.6
1387,81,299,-1,1460.34,12.5
1388,847,287,2,944.95,13.4
1389,232,286,4,1957.39,26.0
1390,495,34,1,1854.88,45.4
1391,666,333,2,276.27,36.2
1392,461,506,6,454.55,51.7
1393,328,228,1,873.41,2.9
1394,1154,441,1,1797.72,27.2
1395,679,312,4,892.96,12.3
1396,1002,383,6,63.37,43.4
1397,1036,3,4,1049.65,29.7
1398,745,11,1,1664.44,55.3
1399,1158,170,2,469.5,4.7
1400,761,244,3,1551.14,16.8
1401,1111,178,1,2247.39,20.9
1402,395,251,-1,897.01,2.4
1403,767,61,3,288.24,53.1
1404,464,35,3,568.96,24.3
1405,1033,214,5,1561.34,45.3
1406,503,253,2,988.32,9.8
1407,874,237,-3,310.51,49.9
1408,552,59,1,1113.61,20.0
1409,805,138,5,2378.69,7.1
1410,498,493,4,1152.17,35.3
1411,570,275,1,1604.09,34.0
1412,918,186,1,991.83,4.6
1413,470,411,3,324.63,25.4
1414,562,409,2,633.43,6.2
1415,291,460,5,2022.59,13.7
1416,10,276,2,791.94,8.2
1417,126,363,6,1729.25,51.6
1419,614,453,1,1215.36,35.5
1420,287,384,5,1732.6,15.1
1421,269,242,1,1771.95,15.3
1422,659,185,5,1841.2,58.1
1423,620,442,4,1234.31,22.9
1424,1177,175,2,1474.33,59.2
1425,881,59,3,418.99,28.0
1426,1112,342,4,1593.17,47.1
1427,736,176,5,2431.79,19.2
1428,896,177,4,49.88,30.5
1429,815,173,6,909.22,55.4
1430,654,402,1,426.09,9.5
1431,376,188,1,884.91,47.7
1432,831,422,3,475.81,45.6
1433,370,174,1,1983.33,14.7
1434,561,12,5,1971.21,36.3
1435,856,138,6,1027.72,0.0
1436,702,370,1,1078.62,11.1
1437,978,238,6,1538.24,3.0
1438,173,206,2,1349.16,10.7
1439,329,228,4,958.89,0.3
1440,96,148,1,1156.2,39.5
1441,657,429,4,2078.23,3.3
1442,893,363,4,30.76,34.3
1443,468,93,2,1114.51,25.5
1444,301,203,6,1967.32,6.9
1445,531,307,1,347.36,12.0
1446,204,295,3,295.18,44.9
1447,942,398,4,1310.78,28.6
1448,861,214,1,1976.15,36.3
1449,369,439,1,2023.09,28.4
1450,697,89,5,2090.55,29.7
1451,1157,43,3,2206.1,17.2
1452,449,80,3,1922.61,10.1
1453,551,514,3,2060.67,34.4
1454,919,301,1,1932.91,22.2
1455,462,43,2,705.78,28.1
1456,406,65,6,1633.83,58.8
1457,7,346,2,1566.42,18.8
1458,549,241,4,806.61,35.4
1459,33,226,1,1195.0,4.7
1460,876,421,4,1843.91,17.6
1461,934,218,5,1145.31,23.8
1462,769,360,4,2196.78,15.4
1463,849,398,2,1888.77,24.2
1464,138,90,3,1301.07,49.0
1465,1170,487,1,2311.63,10.0
1466,226,42,5,1745.27,39.0
1467,1152,373,3,1032.68,52.9
1468,69,254,1,1113.3,54.9
1469,1043,451,1,1666.35,1.3
1470,829,139,1,461.68,11.0
1471,841,288,4,1941.37,36.9
1472,1049,337,6,548.98,45.6
1473,96,210,2,765.18,48.8
1474,1055,410,5,65.06,50.6
1475,661,142,6,351.8,7.1
1476,933,433,6,1913.66,45.9
1477,1117,31,6,1020.8,12.4
1478,126,16,4,1189.04,56.6
1479,1189,83,5,1683.9,34.0
1480,1099,158,4,1049.61,19.4
1481,418,469,2,1845.16,55.3
1482,1094,176,3,1016.04,17.5
1483,62,241,6,2431.33,5.2
1484,487,20,3,286.82,21.5
1485,1159,390,4,1499.04,3.8
1486,697,377,4,649.87,36.4
1487,333,285,3,1648.43,14.7
1488,112,78,6,1167.44,32.3
1489,849,386,1,2384.85,16.3
1490,455,54,3,261.88,39.0
1491,518,146,5,2253.63,39.2
1492,191,48,2,290.52,3.3
1493,320,50,3,512.95,30.8
1494,1105,68,6,1138.38,24.1
1495,1083,304,4,2083.14,50.5
1496,669,20,1,1146.82,31.0
1497,1187,479,5,1580.21,5.3
1498,859,116,4,1799.48,53.1
1499,789,416,2,982.82,0.9
1500,68,123,1,1143.44,38.1
1501,359,271,4,705.12,13.1
1502,782,343,2,2495.81,40.8
1503,993,303,1,2027.21,55.8
1504,293,221,6,1022.52,1.1
1505,185,470,2,913.76,0.5
1506,1130,61,5,628.56,22.6
1508,632,436,3,643.33,45.2
1509,1092,286,3,1700.78,58.3
1510,820,151,3,301.55,52.5
1511,1168,379,4,694.73,42.7
1512,842,237,2,1072.58,22.9
1513,950,418,5,712.84,4.4
1514,764,179,5,341.55,3.0
1515,526,170,5,2403.31,33.8
1516,264,465,4,2371.83,34.2
1517,836,159,3,1472.03,44.2
1518,1123,489,3,2163.58,24.0
1519,1055,192,4,933.56,46.9
1520,26,177,2,126.9,56.9
1521,516,205,2,1509.79,44.8
1522,174,31,2,16.03,4.0
1523,610,409,6,371.25,37.0
1524,138,233,3,2133.0,52.2
1525,1156,210,3,1293.88,34.5
1526,659,482,6,335.33,35.5
1527,1107,393,3,746.32,44.5
1528,278,155,1,143.75,11.0
1529,690,497,1,2483.35,25.7
1530,210,411,3,317.13,56.3
1531,1117,379,1,1008.73,7.9
1532,9,3,6,1124.18,24.5
1533,206,492,4,386.57,45.9
1534,595,315,1,1229.43,7.2
1535,335,494,1,1652.89,18.9
1536,829,508,1,495.14,10.2
1537,1017,430,3,219.97,34.5
1538,368,73,2,1479.01,30.9
1539,397,189,1,2026.86,51.1
1540,636,1,4,1950.43,29.6
1541,53,132,5,1937.29,18.9
1542,135,482,1,1036.78,4.6
1543,147,366,6,229.12,41.7
1544,341,275,5,882.43,11.6
1545,524,363,1,1274.66,20.7
1546,1116,98,6,805.8,50.1
1547,534,375,5,625.95,40.0
1548,816,3,4,131.19,0.7
1549,504,327,1,2232.51,7.0
1550,566,154,2,449.64,48.3
1551,50,165,5,1919.11,44.3
1552,82,409,3,1712.81,16.7
1553,44,156,5,982.4,9.4
1554,693,448,4,1774.69,12.4
1555,418,136,3,504.22,56.0
1556,960,520,1,2250.51,45.7
1557,885,495,5,2481.04,2.6
1558,345,95,6,1354.42,43.4
1559,578,149,1,2027.84,22.7
1560,198,49,3,860.56,48.0
1561,494,413,1,85.71,59.7
1562,326,482,3,1696.91,28.6
1563,559,59,3,2159.54,40.7
1564,282,66,2,726.74,44.8
1565,1173,432,2,2191.62,29.2
1566,794,185,2,624.25,42.2
1567,1181,14,1,348.98,23.1
1568,1095,460,2,19.81,54.4
1569,1059,54,3,986.46,2.5
1570,811,133,1,1828.68,53.2
1571,180,9,4,1561.49,35.3
1572,23,122,5,2471.15,3.5
1573,486,24,2,1522.73,20.3
1574,410,479,4,1741.8,22.0
1575,230,43,2,128.6,43.0
1576,882,505,4,2336.44,39.7
1577,528,141,6,114.39,17.1
1578,1141,338,3,566.7,5.4
1579,1142,399,5,872.91,21.0
1580,433,408,3,2450.98,9.4
1581,344,127,6,1235.84,29.7
1582,645,106,-2,2028.1,50.4
1583,635,304,1,1125.03,38.4
1584,864,362,-1,2000.44,3.8
1585,1033,204,1,1703.83,4.1
1586,472,434,6,1245.14,5.6
1587,867,64,5,936.68,10.8
1588,619,315,2,1108.63,15.9
1589,769,219,6,247.2,48.7
1590,958,127,3,1433.81,44.1
1591,1075,308,5,2119.79,24.3
1592,440,241,4,491.05,19.3
1593,1014,406,6,1369.61,0.4
1594,960,490,2,2119.67,48.1
1595,182,103,2,1411.34,9.8
1596,738,148,2,1727.06,36.2
1597,982,415,6,726.29,2.4
1598,1149,168,3,2039.62,56.1
1599,943,265,5,417.52,28.4
1600,485,347,6,1631.01,2.8
1601,489,258,1,1723.41,0.0
1602,867,180,2,1293.08,17.6
1603,436,153,4,2224.2,0.5
1604,990,337,3,2107.64,41.4
1605,260,454,1,812.4,34.1
1606,143,4,2,1792.97,23.6
1607,583,189,2,1934.77,25.9
1608,309,479,4,549.77,56.4
1609,849,35,5,2387.58,24.1
1610,612,454,1,13.61,33.5
1611,108,321,1,427.82,30.2
1612,624,39,3,1602.58,47.5
1613,610,277,2,51.16,38.9
1614,890,439,3,1136.34,8.3
1615,1166,15,4,2107.71,14.7
1616,830,366,5,1587.56,47.6
1617,827,73,3,710.4,26.9
1618,646,107,6,1309.18,13.1
1619,1169,285,6,2106.07,35.9
1620,159,36,6,1475.25,37.2
1621,646,213,1,361.59,25.0
1622,894,228,2,2438.52,15.4
1623,781,77,1,1653.03,54.6
1624,675,234,5,632.44,0.2
1625,150,168,4,347.99,11.6
1626,1088,308,3,435.7,53.4
1627,331,517,6,1741.73,3.9
1628,1052,132,5,516.55,31.6
1629,1119,298,1,173.14,31.3
1630,788,262,6,1440.96,22.2
1631,627,278,5,981.58,45.2
1632,665,276,6,1420.59,47.8
1633,395,4,5,2141.51,51.5
1634,911,52,4,2099.33,3.6
1635,289,8,4,251.9,19.4
1636,653,285,6,829.71,39.9
1637,1071,368,3,2221.73,21.1
1638,353,8,4,135.5,31.4
1639,692,136,4,731.47,3.4
1640,147,110,3,389.0,53.5
1641,620,484,5,2332.72,0.3
1642,414,437,4,47.39,46.5
1643,652,464,1,54.6,14.7
1644,398,275,5,388.94,12.7
1645,843,341,1,1829.65,32.4
1646,1096,285,5,1868.04,12.8
1647,1185,488,4,1492.96,52.1
1648,1180,345,2,2475.13,33.3
1649,225,14,4,750.57,54.9
1650,951,504,4,751.39,30.6
1651,30,229,4,1434.73,40.6
1652,690,47,6,355.19,59.0
1653,3,151,5,1628.43,48.5
1654,91,144,1,833.65,16.8
1655,36,233,3,245.44,44.6
1656,942,372,5,1526.11,57.3
1657,233,436,1,1845.85,59.6
1658,1071,133,-3,2098.55,19.2
1659,1065,284,6,269.52,25.2
1660,502,440,2,82.66,38.6
1661,1124,170,5,1150.82,50.3
1662,600,455,2,485.21,0.1
1663,826,89,5,931.97,58.9
1664,1085,513,1,378.21,46.7
1665,782,425,3,1559.03,35.6
1666,48,472,2,1813.71,13.2
1667,971,28,5,2451.84,53.0
1668,467,439,5,794.31,16.4
1669,1111,288,4,2025.75,59.1
1670,1190,456,3,1054.69,18.8
1671,415,41,1,2108.27,44.9
1672,948,329,3,1237.81,3.5
1673,1190,400,5,423.28,49.6
1674,431,421,5,517.38,1.4
1675,319,82,6,381.59,35.6
1676,223,29,6,1581.93,20.0
1677,181,397,5,2119.1,47.0
1678,202,28,2,1623.9,29.3
1679,823,122,5,122.45,35.2
1680,450,148,2,972.12,36.4
1681,474,448,6,1655.08,36.4
1682,931,46,2,1054.7,19.7
1683,1047,231,5,2491.38,11.5
1684,726,453,1,594.13,6.1
1685,350,224,6,254.87,19.8
1686,88,34,3,896.9,38.6
1687,1075,228,5,1293.86,42.7
1688,574,215,3,266.15,4.6
1689,131,105,4,1882.59,56.2
1690,661,455,2,289.01,37.7
1691,806,39,5,1459.03,26.3
1692,923,146,5,584.14,58.4
1693,547,422,5,2440.94,34.5
1694,601,434,2,1815.44,25.6
1695,611,138,1,1534.82,28.8
1696,1022,364,2,1457.82,29.9
1697,928,151,2,1658.05,14.0
1698,1043,214,5,1778.12,8.2
1699,182,312,3,1608.12,59.8
1700,465,382,3,177.09,20.8
1701,521,399,5,64.8,28.0
1702,425,261,4,975.0,43.6
1703,708,291,5,1627.5,55.3
1704,998,66,5,1107.67,20.2
1705,331,97,1,1014.2,33.1
1706,588,308,1,2095.25,40.1
1707,792,262,1,2044.16,12.2
1708,998,129,-1,1342.36,17.3
1709,495,435,1,2404.55,38.1
1710,61,192,6,295.85,53.4
1711,852,387,4,2474.92,24.8
1713,66,226,2,675.32,35.3
1714,82,434,2,1386.55,53.5
1715,1000,464,-2,1537.6,19.6
1716,624,301,4,72.12,9.9
1717,503,312,3,2129.41,54.5
1718,890,386,2,2034.82,6.6
1719,786,69,2,1421.19,46.9
1720,731,343,6,893.26,45.5
1721,375,270,4,2030.67,17.9
1722,93,184,5,1858.66,20.1
1723,131,278,2,1949.82,55.5
1724,524,185,4,1335.95,32.2
1726,775,494,6,734.56,49.8
1727,305,469,1,1317.33,28.0
1728,649,9,2,727.34,35.0
1729,585,436,4,241.42,11.7
1730,1083,103,5,1809.1,32.2
1731,499,333,2,234.79,3.9
1732,469,107,5,2363.49,0.9
1733,1124,416,4,1579.0,19.2
1734,617,417,4,1607.58,39.1
1735,5,203,4,614.76,48.5
1736,148,201,3,35.53,2.0
1737,379,443,2,2186.33,58.6
1738,687,142,1,424.66,44.5
1739,197,492,-2,96.49,18.9
1740,525,20,5,243.14,51.6
1741,870,145,2,326.17,51.2
1742,570,134,3,464.55,10.6
1743,763,48,-3,2126.59,6.8
1744,426,104,3,485.15,38.5
1745,745,120,4,1992.53,9.5
1746,521,342,4,319.97,18.3
1747,1026,439,3,1983.66,10.4
1748,1196,179,4,1864.83,43.8
1749,1195,465,2,1593.46,28.4
1750,497,370,5,447.48,28.3
1751,476,182,1,2493.21,58.9
1752,828,68,3,672.44,45.8
1753,799,63,3,1550.87,25.0
1754,615,379,4,551.84,24.3
1755,1192,453,2,1944.75,56.9
1756,807,347,3,524.9,34.8
1757,836,348,6,1871.1,9.2
1758,415,398,6,1237.17,35.5
1759,610,469,4,2159.21,41.9
1760,857,230,6,813.33,12.8
1761,587,440,3,619.65,34.7
1762,846,151,4,743.61,28.2
1763,485,80,5,1041.12,21.3
1764,460,404,5,2242.86,30.9
1765,403,510,-1,2016.98,28.4
1766,778,5,6,2357.75,16.4
1767,868,20,5,1392.05,8.4
1768,564,126,1,2447.72,23.9
1769,403,453,3,995.17,19.4
1770,570,169,6,974.56,42.2
1771,706,196,2,1496.63,27.6
1772,1199,308,5,33.31,23.7
1773,1173,113,6,457.9,24.8
1774,785,420,5,1131.49,40.3
1775,844,337,5,555.58,6.7
1776,215,29,1,288.4,46.6
1777,506,35,3,1904.74,4.9
1778,464,430,3,2083.91,39.4
1779,421,103,3,707.21,49.5
1780,1118,64,3,2387.76,51.9
1781,1011,258,1,2272.23,5.5
1782,821,86,3,1930.29,2.9
1783,639,40,2,380.55,33.7
1784,855,34,1,1871.23,4.3
1785,82,206,2,648.25,53.7
1786,675,62,3,527.78,11.8
1787,872,99,4,1216.73,56.4
1788,205,82,5,813.19,28.8
1789,177,139,1,1957.81,5.9
1790,634,311,1,2266.0,40.1
1791,9,91,5,726.87,7.2
1792,1093,140,6,2272.05,56.0
1793,154,447,5,1193.71,30.6
1794,1006,74,4,600.91,47.3
1795,164,114,6,1645.77,22.7
1796,1183,156,2,301.83,17.0
1797,99,344,2,548.4,3.1
1798,888,417,2,1371.93,48.8
1799,691,509,3,1850.29,53.6
1800,5,67,3,2335.92,28.0
1801,1112,368,5,1067.67,36.3
1802,1038,60,5,81.41,6.4
1803,698,412,3,524.48,21.8
1804,1034,189,2,1123.4,43.5
1805,934,371,4,1015.71,1.6
1806,784,85,-1,738.68,59.9
1807,563,432,-2,2153.56,15.6
1808,1049,4,1,2421.19,58.8
1809,844,279,5,2470.75,48.3
1810,206,484,5,1022.07,11.5
1811,228,235,6,361.35,8.9
1812,359,483,-2,820.22,9.3
1813,395,305,5,84.71,16.4
1814,80,119,5,574.29,53.4
1815,209,31,2,2065.98,56.7
1816,644,169,4,1916.53,31.8
1817,269,448,1,726.72,38.4
1818,737,476,5,1312.86,1.8
1819,1107,105,-2,1557.04,54.6
1820,675,130,1,1967.68,30.6
1821,196,420,3,2000.67,17.3
1822,264,229,2,61.32,13.3
1823,706,26,5,1685.85,13.6
1824,1144,100,1,558.69,39.6
1825,911,413,2,1492.67,0.8
1826,680,382,3,1482.93,18.4
1827,43,1,3,2086.12,36.2
1828,881,368,1,2235.19,31.2
1829,1113,50,4,974.33,25.2
1830,493,45,3,212.07,19.1
1831,910,71,2,750.61,53.9
1832,120,288,2,490.16,43.4
1833,330,309,4,1152.28,50.2
1834,370,189,1,604.77,8.5
1835,514,33,3,688.4,27.3
1836,259,253,6,2356.03,23.9
1837,222,289,3,2115.38,35.1
1838,59,388,4,42.29,16.7
1839,756,219,2,557.95,8.7
1840,693,228,3,2121.57,19.3
1841,1102,232,2,119.99,1.2
1842,287,93,4,1109.34,6.0
1843,606,135,5,70.97,5.2
1844,951,368,2,1712.82,35.4
1845,832,6,2,993.56,59.2
1846,727,237,2,1467.99,30.0
1847,619,47,-1,1047.88,40.3
1848,100,217,2,937.31,13.5
1849,998,23,-3,463.6,34.9
1850,700,349,4,944.55,43.1
1851,576,378,1,887.97,36.0
1852,6,147,5,571.13,17.1
1853,705,240,2,211.7,23.1
1854,960,292,5,832.09,17.4
1855,590,122,-3,1539.27,56.7
1856,723,107,5,2300.39,40.2
1857,1022,349,4,150.74,10.6
1858,965,28,4,1960.47,9.6
1859,178,57,6,1019.91,4.5
1860,123,117,2,980.03,37.6
1861,905,438,6,515.22,14.8
1862,310,365,4,1466.51,4.3
1863,283,292,6,1619.57,22.1
1864,452,156,1,1517.65,11.6
1865,83,345,6,1933.41,14.7
1866,1102,250,6,1759.08,4.4
1867,294,515,3,2129.38,22.8
1868,428,265,4,262.69,39.5
1869,414,74,4,2206.55,20.4
1870,431,101,2,1948.46,40.0
1871,63,439,3,985.33,11.0
1872,912,378,2,163.72,8.7
1873,375,226,3,2405.78,54.6
1874,1002,322,3,2326.23,23.2
1875,962,301,3,1473.76,9.6
1876,571,377,5,2077.0,1.3
1877,834,133,-2,2426.88,25.1
1878,785,147,3,2046.97,3.3
1879,864,505,4,452.41,56.7
1880,655,221,5,647.21,52.6
1881,284,448,5,2172.35,39.4
1882,9,506,2,1156.37,59.0
1883,13,475,3,2145.63,8.2
1884,239,54,3,1150.09,12.2
1885,1085,148,3,1936.56,11.6
1886,320,277,5,795.06,43.1
1887,809,405,6,496.84,37.8
1888,288,5,5,286.5,59.3
1889,311,300,1,1260.93,16.1
1890,795,218,5,1060.03,27.1
1891,1181,416,5,1249.42,44.4
1892,176,260,-2,1518.44,17.2
1893,891,380,5,2293.48,16.8
1894,107,379,2,1910.18,5.6
1895,1155,1,3,198.23,53.9
1896,598,62,4,1354.53,2.9
1897,1073,37,5,718.17,38.3
1898,126,357,3,1017.14,53.6
1899,697,196,2,1308.49,39.3
1900,563,470,2,802.7,30.3
1901,404,326,-2,956.68,26.8
1902,998,37,4,232.57,55.6
1903,77,106,4,1014.97,36.4
1904,1145,106,2,1092.65,6.4
1905,1057,433,4,286.49,34.1
1906,963,207,4,1661.67,9.6
1907,135,29,1,835.43,58.7
1908,425,69,3,1472.22,25.3
1909,901,374,5,2379.88,59.2
1910,1185,164,5,972.8,39.6
1911,194,45,6,171.01,19.8
1912,549,214,4,15.73,52.5
1914,981,228,4,641.34,4.2
1915,760,328,6,318.83,31.1
1916,615,479,-3,2046.37,56.5
1917,16,129,5,2215.57,50.5
1918,936,171,2,2375.58,47.6
1919,961,119,6,306.57,45.6
1920,600,493,2,1632.92,55.3
1922,571,501,3,545.43,40.7
1923,107,458,6,2463.71,5.6
1924,875,487,6,275.3,21.9
1925,890,467,4,1019.77,2.4
1926,774,273,2,45.11,36.9
1927,751,389,3,1706.97,21.9
1928,940,91,6,1450.74,45.6
1929,500,371,-1,1734.73,28.7
1930,499,118,1,211.13,56.7
1931,77,407,1,1773.55,54.6
1933,536,209,3,555.54,17.3
1934,1025,92,3,1502.31,6.5
1935,1169,259,5,964.09,58.2
1936,1035,291,6,1698.55,14.4
1937,320,507,2,1733.22,49.0
1938,835,146,2,779.39,32.3
1939,541,511,5,1676.18,17.4
1940,81,145,6,56.87,23.5
1941,102,18,6,802.48,35.4
1942,1146,147,3,1241.29,6.9
1943,416,203,6,2470.94,19.2
1944,862,206,2,2030.5,5.4
1945,120,241,1,169.59,26.6
1946,234,46,3,437.86,38.6
1947,473,185,3,1564.36,3.0
1948,472,455,3,1045.81,5.3
1949,856,26,5,1282.05,48.6
1950,288,69,6,875.23,59.0
1951,1172,263,4,1923.91,50.8
1952,712,91,2,95.66,20.9
1953,1124,251,6,25.88,36.8
1954,1019,516,5,729.09,8.4
1955,1143,144,1,1669.83,36.4
1956,972,30,6,1894.88,6.2
1957,995,508,6,1199.4,52.2
1958,257,222,5,1025.87,14.2
1959,1116,26,6,224.02,39.3
1960,331,163,4,464.27,25.9
1961,910,200,6,1121.63,23.8
1962,810,1,3,1162.18,34.8
1963,496,139,5,812.03,37.3
1964,984,508,4,953.55,1.5
1965,385,26,3,796.13,55.5
1966,596,397,4,827.51,33.1
1967,386,361,2,2169.17,21.1
1968,191,117,4,2104.58,18.5
1969,878,45,6,15.89,36.2
1970,537,458,6,1405.14,53.3
1971,716,18,1,1935.98,35.4
1972,37,349,6,1585.88,3.8
1973,1039,282,6,431.43,45.3
1974,48,153,6,2488.68,9.7
1975,388,17,2,964.18,53.2
1976,28,21,4,2351.35,48.7
1977,354,143,6,652.61,48.3
1978,925,296,4,2485.39,41.8
1979,669,284,6,766.16,56.8
1980,753,508,6,643.0,43.2
1981,1112,312,2,636.61,22.4
1982,521,440,1,2241.33,58.5
1983,858,275,5,1269.16,47.2
1984,1151,362,2,1639.01,56.7
1985,328,402,4,2075.53,31.1
1986,493,485,6,915.47,28.3
1987,1041,419,3,1929.78,36.6
1988,448,250,6,2178.81,43.7
1989,691,313,1,801.22,3.6
1990,66,475,5,417.14,49.4
1991,105,201,3,1420.03,41.8
1992,916,146,6,2112.12,35.4
1993,553,5,3,608.01,55.5
1994,130,360,3,279.3,2.3
1995,272,24,-2,1646.54,57.6
1996,193,67,3,352.48,27.8
1997,543,239,6,2061.79,45.0
1998,678,103,6,283.63,14.3
1999,723,171,3,1005.76,11.1
2000,944,390,2,2265.75,48.4
2001,705,508,1,562.49,11.5
2002,717,266,3,1581.64,25.9
2003,84,238,6,813.83,4.7
2004,624,226,3,1723.15,41.9
2005,856,111,2,1042.25,12.0
2006,906,144,1,2115.41,40.1
2007,975,171,4,1903.82,15.4
2008,208,122,-2,1280.35,47.0
2009,906,61,1,1062.62,14.0
2010,884,345,2,2374.8,26.1
2011,1012,338,3,1804.15,49.3
2012,1106,429,2,1104.58,40.6
2013,205,235,2,2070.32,31.9
2014,1139,353,1,2126.27,5.4
2015,598,249,1,1004.84,22.0
2016,297,253,6,642.1,28.3
2017,760,66,4,279.95,19.9
2018,50,88,6,1305.74,42.4
2019,613,87,5,2217.06,41.1
2020,322,122,5,1697.12,6.4
2021,33,479,6,1514.37,23.4
2022,696,166,4,1275.54,50.5
2023,290,516,1,1225.48,49.2
2024,319,407,5,1420.16,4.5
2025,660,496,6,289.2,1.6
2026,281,2,6,1107.97,17.5
2027,166,281,2,797.9,0.6
2029,71,355,6,2201.84,10.2
2030,648,49,4,598.16,46.7
2032,713,150,1,604.03,25.4
2033,1035,136,1,1118.79,4.3
2034,643,62,2,255.87,18.6
2036,65,79,6,2204.3,40.3
2037,1072,426,6,2103.53,14.3
2038,1158,491,6,2475.94,44.3
2039,26,314,5,1621.8,25.7
2040,378,83,1,646.16,43.0
2041,104,445,1,607.4,33.6
2042,57,329,6,264.98,13.0
2043,14,83,1,1557.43,47.9
2044,623,484,3,358.71,23.7
2045,694,465,1,1072.33,4.7
2046,900,514,6,1253.69,45.0
2047,872,138,3,1856.75,45.9
2048,782,26,4,933.78,29.7
2049,940,490,5,1869.86,49.4
2050,96,296,2,1669.71,57.7
2051,619,181,4,1238.13,12.3
2053,611,191,6,742.33,13.6
2054,813,426,6,658.52,1.6
2055,513,397,4,1484.92,54.1
2056,45,237,5,12.46,16.7
2057,451,234,5,1006.9,13.6
2058,162,149,5,1949.76,42.4
2059,233,60,2,961.34,35.9
2060,574,149,3,1449.63,4.9
2061,926,492,5,314.57,11.6
2062,180,411,4,1631.75,50.9
2063,984,259,4,2082.41,28.6
2064,584,59,4,792.73,55.8
2065,277,420,1,1977.37,59.3
2066,729,105,1,2487.28,53.5
2067,20,321,4,1018.92,14.6
2068,836,473,1,2452.77,22.0
2069,722,425,2,262.87,35.8
2070,841,91,5,1437.03,53.5
2071,1077,55,6,982.95,58.7
2072,342,14,1,1251.48,25.6
2073,1012,118,6,975.6,48.1
2074,399,248,1,196.82,36.8
2075,1080,47,5,779.63,36.1
2076,116,366,6,1875.59,22.3
2077,682,241,3,1701.81,55.0
2078,1123,286,1,2497.98,13.1
2079,316,351,3,269.07,48.5
2080,143,331,6,1396.34,52.7
2081,521,109,4,2048.16,59.5
2082,385,405,1,587.01,35.9
2083,734,258,2,799.26,5.6
2084,798,9,1,2237.42,48.1
2085,820,48,6,1628.28,25.7
2086,627,139,5,1575.95,54.9
2087,66,181,6,1758.03,27.7
2088,386,66,1,171.02,12.4
2089,964,490,4,1732.56,7.3
2090,464,185,1,767.55,39.0
2091,350,236,3,2027.84,3.7
2092,504,316,2,2254.96,5.6
2093,1115,173,3,744.84,58.3
2094,555,287,6,615.4,50.2
2096,242,67,5,2449.79,25.0
2098,1105,479,1,102.13,18.7
2099,275,58,3,1273.88,49.5
2100,790,73,6,72.77,12.0
2101,786,180,3,92.91,57.4
2102,496,434,6,1501.87,46.5
2103,1168,96,2,1423.86,5.6
2104,134,197,5,1524.03,1.0
2105,473,153,3,738.67,22.7
2106,364,196,2,507.92,18.0
2107,1060,264,2,525.67,22.3
2108,1079,39,5,1271.79,46.6
2109,742,181,2,962.38,37.2
2110,274,210,-2,853.36,50.0
2111,1183,383,2,1523.9,52.7
2112,983,438,1,2017.64,36.3
2113,865,99,2,2099.57,28.2
2114,673,207,4,16.3,45.7
2115,697,467,5,534.61,16.5
2116,584,387,5,1293.28,26.0
2117,922,468,5,45.92,42.0
2118,938,53,-2,217.08,15.7
2119,902,267,-1,1991.31,57.1
2120,918,368,4,1049.98,43.7
2121,1,518,1,1058.83,1.2
2122,197,186,6,515.0,41.7
2123,754,336,6,51.52,58.6
2124,570,419,1,1024.28,42.4
2125,470,271,3,2253.6,47.7
2126,891,172,6,2249.27,48.1
2127,255,339,1,143.96,51.7
2128,493,439,6,1862.7,45.3
2129,617,256,1,1295.67,17.3
2130,501,54,4,1679.58,11.8
2131,1049,87,1,59.23,4.8
2132,290,342,5,214.73,48.4
2134,1003,487,5,126.69,13.0
2135,671,433,1,543.0,18.2
2136,577,387,5,1869.29,43.1
2137,477,155,1,494.46,22.2
2138,864,49,6,1123.99,13.2
2139,255,366,3,1155.16,53.2
2140,355,402,2,1114.02,18.8
2141,85,501,5,2035.22,15.9
2142,1016,294,3,1626.91,56.5
2143,1029,195,2,1118.08,27.6
2144,520,246,1,1193.11,27.9
2145,1142,154,1,61.21,52.0
2146,863,456,1,880.08,17.9
2147,156,213,4,153.19,35.3
2148,67,285,1,1847.49,47.8
2149,764,248,6,1863.44,43.3
2150,704,433,3,916.82,20.5
2151,370,422,6,1077.44,1.9
2152,28,30,1,2139.39,34.2
2153,162,316,6,1464.36,45.2
2154,741,514,1,1421.4,44.1
2155,644,326,1,1258.44,44.9
2156,918,79,3,783.34,18.4
2157,919,419,1,1280.25,40.1
2158,575,410,6,1679.68,51.5
2159,786,17,2,1852.23,42.7
2160,756,18,5,1319.25,37.1
2161,566,238,6,14.0,10.8
2162,381,324,3,699.21,28.9
2163,496,160,4,172.38,3.3
2164,138,386,1,85.42,29.1
2165,924,93,2,637.06,44.0
2166,1025,310,3,2069.9,0.2
2167,671,171,3,2291.23,13.6
2168,1034,85,2,1345.49,44.9
2169,833,98,4,513.45,58.2
2170,751,145,6,891.58,22.4
2171,548,81,4,876.41,57.1
2172,1080,122,3,1224.95,36.1
2173,704,311,5,1766.18,40.6
2174,156,339,5,905.71,31.1
2175,227,183,3,541.75,12.3
2176,199,94,3,1371.59,43.0
2177,85,67,2,2048.71,52.0
2178,388,178,6,782.83,9.4
2179,758,54,6,2101.84,44.1
2180,209,484,5,2261.98,17.7
2181,179,256,4,214.2,53.0
2182,730,329,1,562.53,11.4
2183,630,91,4,1680.94,6.0
2184,98,311,6,1660.79,18.8
2185,936,313,6,817.21,53.2
2186,246,101,6,357.69,56.3
2187,547,85,1,2337.66,55.0
2188,211,392,1,2455.59,22.8
2189,192,136,6,404.29,15.0
2190,253,516,2,2313.01,9.1
2191,172,412,4,430.4,46.9
2192,1165,199,2,1580.41,29.8
2193,177,236,1,352.19,48.0
2194,721,467,2,127.65,12.1
2195,299,274,6,1399.35,36.9
2196,264,126,2,366.15,21.0
2197,605,340,6,1693.84,30.7
2198,48,410,2,44.76,22.8
2199,590,187,2,659.06,25.1
2200,735,409,4,1733.01,36.4
2201,699,515,-1,2430.27,35.1
2202,677,37,6,238.95,23.3
2203,726,504,2,1329.45,55.6
2204,907,244,4,189.8,23.4
2205,108,142,2,2109.15,1.4
2206,181,392,6,27.76,16.8
2207,568,82,4,1885.4,36.9
2208,439,263,2,2142.81,31.3
2209,661,297,5,773.56,35.3
2210,250,371,5,587.23,26.4
2211,1149,419,3,1188.21,38.4
2212,1156,404,2,1236.09,48.5
2213,524,424,5,2087.61,19.9
2214,306,191,2,2182.23,9.5
2215,338,114,1,1319.72,9.3
2216,765,352,4,1070.6,43.6
2217,866,515,4,51.09,56.9
2218,571,276,5,1836.49,34.5
2219,1178,366,2,1592.27,4.9
2220,979,338,3,1501.25,9.5
2221,1031,469,4,2413.59,5.2
2222,132,396,3,1711.34,59.0
2223,321,121,3,1975.82,37.1
2224,870,417,2,892.2,19.1
2225,734,115,4,1530.39,26.4
2226,875,212,-1,880.65,30.3
2227,377,197,1,2093.62,5.2
2228,671,177,6,2305.3,8.7
2229,1074,221,5,766.75,39.8
2230,343,261,4,1092.56,41.6
2231,170,282,5,25.23,12.2
2232,615,342,1,2176.82,26.3
2233,496,498,5,265.3,20.8
2234,535,158,1,2231.78,2.5
2235,896,413,3,1584.32,8.3
2236,279,405,3,2313.32,51.2
2237,613,157,1,1777.94,49.3
2238,715,158,6,2008.53,21.9
2239,88,366,1,2424.78,43.4
2240,446,465,1,853.76,19.2
2241,285,427,2,653.25,56.5
2242,760,296,6,1872.23,0.2
2243,1150,352,1,210.05,46.9
2244,1153,67,1,1142.93,22.5
2245,141,307,6,244.46,18.4
2246,339,283,6,1551.68,10.7
2247,501,488,6,683.92,26.7
2248,718,38,3,1206.11,21.7
2249,621,216,3,1598.42,18.4
2250,885,345,6,2150.26,48.0
2251,358,273,-3,1920.37,51.5
2252,111,116,6,867.71,21.6
2253,950,113,1,312.06,20.0
2254,517,270,2,604.78,4.3
2255,538,361,4,2356.75,28.1
2256,1025,351,3,679.56,58.0
2257,1000,384,4,1171.64,37.2
2258,644,382,2,877.05,1.1
2259,1193,309,3,2083.0,21.7
2260,1028,160,4,1969.6,54.6
2261,538,421,1,423.27,12.8
2262,619,258,-1,1004.12,35.6
2263,911,505,1,1675.26,29.3
2264,503,328,1,1431.9,59.7
2265,1062,382,4,1786.14,24.1
2266,252,398,2,256.43,4.7
2267,713,41,1,1896.16,26.3
2268,73,277,4,1438.69,29.3
2269,886,321,2,787.97,5.9
2270,320,243,3,1663.13,46.2
2271,1199,362,4,2495.54,47.4
2272,997,365,3,1759.56,35.7
2273,94,220,4,678.88,5.1
2274,438,199,3,1532.17,4.5
2275,389,318,4,416.6,38.1
2276,465,322,6,1202.06,46.3
2277,1163,275,1,1302.8,1.3
2278,23,234,4,2012.46,46.5
2279,895,400,5,2061.78,30.8
2280,702,483,6,2025.4,56.8
2281,140,400,5,1075.76,35.0
2282,182,201,6,1992.93,10.0
2283,541,163,2,2013.73,5.0
2284,222,151,6,2108.04,48.6
2285,627,271,3,1574.8,16.4
2286,763,325,2,704.01,55.5
2287,225,351,6,217.89,22.9
2288,922,148,1,149.56,33.2
2289,1106,440,5,1284.91,46.8
2290,1100,83,3,654.13,40.2
2291,340,250,1,499.82,19.4
2292,123,174,1,1356.55,54.7
2293,24,405,5,2300.73,28.1
2294,989,495,-2,1091.55,58.3
2295,486,383,4,11.45,25.3
2296,989,190,1,2396.36,29.9
2297,86,405,5,1404.48,39.4
2298,211,232,5,2215.69,40.3
2299,793,411,6,645.47,25.8
2300,612,38,5,810.64,54.4
2301,473,257,1,1991.23,34.1
2302,1157,235,4,749.43,20.2
2303,235,55,5,312.84,4.1
2304,766,146,1,1451.05,27.9
2305,23,341,2,2306.07,4.0
2306,510,350,4,2381.74,24.1
2307,8,26,1,1378.26,30.6
2308,752,238,-3,501.47,59.6
2309,1117,197,5,1707.7,37.3
2311,693,354,4,309.68,52.6
2312,167,251,1,477.55,34.3
2313,753,494,6,1417.82,0.7
2314,452,505,5,2322.72,4.9
2315,996,421,2,1253.29,54.5
2316,1174,392,2,17.01,5.6
2317,804,329,2,526.04,26.9
2318,1145,414,5,1146.48,51.9
2319,893,230,1,778.86,56.5
2320,932,82,6,1599.44,28.3
2321,485,431,2,1872.3,43.4
2322,925,271,4,2486.39,20.4
2323,1,45,3,1468.69,42.1
2324,899,95,2,2477.11,23.2
2325,699,466,2,1487.91,50.9
2326,738,489,6,1036.82,7.0
2327,221,315,5,2203.38,21.7
2328,720,467,4,383.49,23.2
2329,1181,26,5,1896.74,34.8
2330,1040,358,6,1855.4,0.7
2331,889,187,5,2305.81,57.2
2332,836,420,5,1955.56,28.6
2333,907,384,4,1173.63,45.4
2334,421,229,4,1245.02,35.4
2335,910,449,1,1899.43,59.3
2336,253,192,5,1653.42,1.9
2337,1106,295,6,508.28,13.9
2338,496,236,2,634.32,22.7
2339,822,387,1,1417.17,58.5
2340,465,353,1,1637.64,11.4
2341,897,144,4,1498.97,5.4
2342,1036,50,4,87.35,23.0
2343,543,491,5,1950.78,20.4
2344,219,11,5,643.53,21.7
2345,637,332,5,622.72,26.6
2346,620,31,3,1201.78,51.6
2347,869,407,6,73.4,10.8
2348,469,256,2,2219.85,55.0
2349,71,334,1,1402.66,57.9
2350,428,484,5,1416.82,46.6
2351,327,79,5,632.74,9.5
2352,635,116,4,1187.35,40.0
2353,804,241,1,490.77,11.0
2354,1141,81,-2,1755.45,10.7
2355,999,22,6,372.11,9.6
2356,8,376,4,2368.05,4.0
2357,565,70,5,143.61,53.3
2358,832,19,4,1950.9,21.3
2359,831,283,5,431.17,3.0
2360,816,350,5,734.42,32.6
2361,387,520,5,2381.11,8.5
2362,488,11,2,1068.48,47.7
2363,532,138,5,1006.33,4.5
2364,1089,472,6,22.38,21.9
2365,219,495,4,1674.93,1.7
2366,265,123,5,2121.72,9.3
2367,723,461,2,2105.23,49.9
2368,1179,349,2,1266.27,35.6
2369,212,331,6,2027.33,4.6
2370,433,290,6,1505.85,58.4
2371,956,114,4,2487.32,57.8
2372,376,422,4,400.34,7.8
2373,164,72,5,448.65,39.2
2374,963,445,2,1772.16,27.7
2375,352,314,3,497.89,53.0
2376,624,169,4,1510.99,52.0
2377,742,315,3,560.89,31.1
2378,89,49,5,1908.43,13.6
2379,1094,301,6,1179.9,51.8
2380,104,294,6,28.66,3.9
2381,726,295,4,2198.06,24.3
2382,284,34,3,555.96,46.9
2383,473,275,1,2307.77,37.8
2384,121,478,6,608.11,56.7
2385,233,406,2,780.29,4.0
2386,1007,14,3,2197.61,38.0
2387,1069,223,5,2447.33,36.6
2388,559,249,3,2085.99,57.8
2389,662,493,6,1969.85,47.8
2390,169,21,2,1975.16,10.0
2391,335,242,4,1009.7,0.6
2392,416,57,-1,1083.65,50.5
2393,833,150,6,1131.77,29.3
2394,666,291,6,444.21,14.9
2395,821,63,5,1838.09,26.6
2396,745,231,3,1556.82,18.3
2397,474,284,4,802.06,12.7
2398,376,481,6,1397.05,13.3
2399,936,227,5,619.45,56.1
2400,477,214,2,130.93,59.1
2401,867,488,2,2333.84,1.3
2402,1168,470,2,397.42,14.5
2403,711,129,1,625.1,7.9
2404,197,375,4,2368.29,19.5
2405,1022,274,5,1586.95,41.9
2406,560,307,6,2366.03,23.6
2407,146,382,5,2140.35,7.9
2408,477,78,1,1468.02,50.7
2409,708,229,3,1824.42,18.6
2410,521,482,1,279.64,41.5
2411,644,402,1,1083.45,13.8
2412,1055,420,2,618.85,50.4
2413,882,77,4,1680.02,52.4
2414,747,324,6,332.9,52.4
2415,2,297,1,388.84,18.9
2416,1152,431,5,1491.14,27.6
2417,159,433,6,64.83,56.0
2418,87,46,5,201.22,17.1
2419,856,153,1,1216.55,30.8
2420,1026,40,5,706.21,58.4
2421,801,117,4,1022.04,30.5
2422,1098,362,1,2331.83,55.9
2423,94,391,6,838.51,24.0
2424,1141,181,2,1312.39,0.7
2425,320,115,2,1684.71,56.6
2426,595,216,6,882.5,17.0
2427,955,30,6,2398.77,13.3
2428,820,381,5,262.58,15.3
2429,582,82,2,654.23,28.8
2430,1156,428,4,1126.35,4.1
2431,1150,87,4,1065.34,21.3
2432,94,412,5,522.03,18.2
2433,184,215,6,1473.49,8.8
2434,67,355,5,1074.16,45.5
2435,439,494,4,1987.53,1.1
2436,410,493,4,275.12,47.0
2437,852,158,3,36.48,6.2
2438,538,298,2,845.85,1.4
2439,119,33,3,1270.67,44.7
2440,75,214,5,1422.23,29.8
2441,939,318,5,946.88,23.5
2442,28,226,3,1932.26,3.6
2443,62,162,3,1539.64,37.1
2444,463,285,4,270.36,59.5
2445,1160,278,4,1036.21,23.2
2446,1049,103,6,1307.06,47.9
2447,322,336,2,1581.43,3.3
2448,340,294,1,102.19,22.9
2449,959,81,1,1649.94,31.1
2450,90,170,1,1931.65,30.4
2451,25,45,4,1775.55,48.1
2452,369,301,2,1929.45,29.2
2453,69,427,4,211.83,8.4
2454,801,289,5,760.35,9.3
2455,297,153,3,631.4,32.7
2456,805,473,1,590.59,4.6
2457,752,113,1,2283.93,1.9
2458,313,125,4,2300.62,47.3
2459,510,26,-1,662.92,55.8
2460,190,128,5,2077.89,48.9
2461,257,147,4,2221.54,43.6
2462,839,297,6,163.16,2.7
2463,537,72,1,1291.59,6.7
2464,1152,88,-2,1745.03,13.9
2465,645,3,4,777.75,27.0
2466,1029,282,1,1982.0,48.4
2467,792,516,3,1149.63,12.8
2468,45,363,3,1908.5,23.4
2469,645,484,2,1501.11,47.4
2470,932,461,1,667.48,37.1
2471,1190,236,5,621.1,6.4
2472,469,191,5,2040.47,24.3
2473,616,437,-1,1898.9,27.1
2474,479,47,6,872.47,55.5
2475,813,84,6,71.77,32.0
2476,832,97,3,418.53,13.6
2477,77,452,-2,730.03,31.3
2478,951,279,5,1274.37,31.0
2479,958,110,6,68.26,3.2
2480,934,456,1,1218.29,57.3
2481,455,318,3,1490.82,48.5
2482,76,76,1,1108.66,34.4
2483,867,25,1,429.7,5.6
2484,587,434,3,1122.11,13.6
2485,478,417,5,2462.39,55.5
2486,767,112,2,1202.71,40.8
2487,433,2,3,2191.7,45.4
2488,638,394,5,1568.14,58.8
2489,440,490,6,1620.75,27.4
2490,213,311,2,1909.56,41.7
2491,317,156,4,2323.09,11.8
2492,1148,338,5,2424.52,14.6
2493,315,465,6,1661.13,15.6
2494,161,206,2,1978.62,53.7
2495,987,35,4,1078.9,21.9
2496,1146,328,4,1158.96,7.5
2497,249,193,-3,2336.48,22.3
2498,539,459,4,43.86,56.3
2499,672,237,1,1500.25,14.2
2500,271,405,1,996.84,44.8
2501,310,57,2,826.52,37.3
2502,356,83,-3,1960.51,47.8
2503,228,335,6,1063.21,24.9
2504,1199,259,5,2420.02,44.8
2505,1054,2,1,121.96,44.4
2506,1049,311,2,1666.69,22.5
2507,1174,415,6,1197.79,11.8
2508,447,128,3,1237.01,53.3
2509,955,423,2,2140.92,56.3
2510,650,130,1,2469.63,46.3
2511,1087,84,-1,1318.04,59.0
2512,589,229,4,2072.03,9.3
2513,847,447,1,1520.84,25.4
2514,388,68,6,1037.5,27.7
2515,561,70,2,1783.98,44.1
2516,368,153,2,2214.35,38.1
2517,824,247,1,1155.43,15.6
2518,1163,321,2,466.6,36.9
2519,527,255,6,2004.58,44.8
2520,880,520,6,286.85,58.3
2521,238,437,2,647.47,36.3
2522,1065,88,5,2103.07,19.0
2523,713,58,6,1928.45,54.6
2524,342,54,5,433.47,21.4
2525,201,273,1,2386.55,57.2
2526,959,407,4,991.2,1.3
2527,299,7,5,442.15,19.2
2528,1163,467,4,2425.58,47.8
2529,401,324,3,1910.28,4.0
2530,300,88,4,188.36,28.8
2531,444,436,-3,375.3,21.3
2532,949,374,1,2370.45,17.5
2533,329,44,1,906.93,57.4
2534,66,171,5,1572.56,59.7
2535,1145,176,4,1999.43,2.4
2536,967,86,5,433.55,26.5
2537,875,153,3,463.81,28.3
2538,14,303,4,348.63,28.2
2539,143,441,6,1906.27,12.6
2540,811,336,2,886.94,5.5
2541,40,34,3,1285.6,37.1
2542,1102,440,6,2193.4,12.5
2543,98,138,-2,326.86,19.3
2544,315,195,5,1675.82,41.0
2545,563,210,4,1437.92,58.8
2546,1174,115,5,2178.64,42.6
2547,453,483,4,1818.57,18.3
2548,510,286,1,2275.15,3.9
2549,39,476,4,15.69,41.1
2550,589,29,6,254.13,43.7
2551,195,423,3,2076.19,10.2
2552,8,368,3,20.15,49.1
2553,836,200,6,309.81,50.2
2554,679,167,6,337.23,47.6
2555,1132,198,3,2460.34,38.9
2556,623,314,3,1244.88,24.3
2557,697,373,6,121.57,6.4
2558,238,328,2,1268.82,26.1
2559,372,182,6,1007.66,13.3
2560,912,21,-1,640.54,57.8
2561,1093,483,-3,298.74,32.6
2562,139,135,3,449.34,59.5
2563,451,303,6,1653.57,21.9
2564,371,417,6,1110.17,26.7
2565,181,229,2,50.71,18.3
2566,679,257,2,816.22,52.1
2567,214,366,-3,2420.11,34.2
2568,80,172,1,457.93,46.6
2569,413,385,5,156.67,54.9
2570,401,73,4,329.11,30.5
2571,1184,233,5,22.55,59.3
2572,1016,253,1,1827.65,34.3
2573,982,108,5,1585.34,55.7
2574,807,498,2,1871.68,52.9
2575,723,407,2,1283.76,6.3
2576,529,249,5,132.62,54.6
2578,609,259,3,2174.52,18.6
2579,226,175,1,1860.82,8.1
2580,704,463,2,2076.71,59.6
2581,224,266,1,627.47,34.8
2582,1056,56,5,1157.84,36.4
2583,1173,322,3,1128.85,45.4
2584,1018,74,6,949.15,31.6
2585,447,216,6,146.69,26.6
2586,201,398,4,239.33,55.3
2587,396,3,1,1232.36,32.1
2588,795,514,2,807.26,0.8
2589,388,134,5,2385.07,20.0
2590,89,142,2,2324.59,41.0
2591,805,322,2,1737.42,42.7
2592,244,55,4,474.99,58.1
2593,504,435,4,1981.57,19.8
2594,69,377,6,864.97,27.1
2595,86,421,2,288.3,15.1
2596,399,370,3,1411.18,48.0
2597,803,256,2,2318.29,35.8
2598,303,15,6,2107.63,19.5
2599,897,173,1,2173.91,54.4
2600,1109,28,6,914.87,17.8
